Customer_ID,Card_Number,Card_Type,CVV,Expiry_Date,Limit,Status
610,5912565888813341,Discover,928,2029-12-22,40850.36,Blocked
174,8463187100977104,MasterCard,317,2026-10-05,46383.29,Expired
253,8560389291100754,Visa,256,2028-09-10,39622.48,Blocked
55,7039803782705141,Discover,439,2030-05-26,30460.98,Blocked
974,3160311377543584,American Express,4356,2030-09-03,36957.02,Active
802,3537229776850914,MasterCard,696,2030-06-22,2505.93,Inactive
203,4433944093093471,Discover,306,2030-03-30,38614.47,Expired
98,7160208530370319,MasterCard,286,2031-01-27,20701.51,Blocked
256,4569138834237324,Visa,654,2027-10-21,26156.02,Blocked
310,6970385282549238,Discover,827,2026-03-19,36557.66,Active
395,7996559784001636,MasterCard,949,2029-04-25,48943.79,Inactive
875,1685187748758975,Discover,178,2027-08-02,42951.2,Active
745,0630950816096939,MasterCard,441,2027-10-11,41640.3,Inactive
929,3051725663846039,Discover,916,2028-06-10,47446.87,Inactive
760,0303616577858320,MasterCard,469,2028-06-09,32123.91,Blocked
452,6536337393134524,American Express,4050,2029-10-01,47580.54,Inactive
960,5594067647756555,American Express,7222,2027-11-06,42478.5,Inactive
881,1897987239401414,MasterCard,342,2030-01-28,13229.79,Blocked
920,0764539992025902,MasterCard,338,2031-11-13,45568.97,Active
467,9053265202990602,Discover,475,2031-09-09,24571.19,Active
407,4377551119145717,MasterCard,304,2028-03-26,31612.18,Inactive
221,9810939793764543,MasterCard,207,2026-11-21,28269.01,Inactive
595,5019712408470160,Visa,182,2028-01-31,20266.77,Blocked
802,8346921403701022,MasterCard,991,2029-11-13,9641.53,Inactive
534,8521323694730075,Discover,463,2030-06-29,10312.06,Inactive
634,4212686870642274,American Express,8406,2027-05-13,7684.09,Blocked
218,7779338020865932,MasterCard,674,2027-06-21,4698.46,Blocked
698,0440616454114273,Discover,759,2029-08-10,11127.14,Active
600,9692335410520144,American Express,7209,2028-09-12,29852.83,Blocked
51,1645940201851453,Discover,207,2028-10-29,6542.83,Blocked
697,8975564647189572,Discover,723,2026-05-05,26487.61,Blocked
244,8917856071251109,MasterCard,360,2030-10-31,36348.47,Active
741,6098721909782338,Visa,319,2026-09-19,31861.94,Blocked
992,2499762366712948,Discover,307,2032-02-01,13888.45,Active
264,4460483757798174,MasterCard,197,2028-04-26,4425.01,Blocked
182,1516318266022645,Discover,684,2029-02-14,2754.61,Blocked
282,5230660215412002,Discover,929,2031-10-20,12169.15,Active
684,3958974782893840,Discover,866,2027-06-25,23741.28,Expired
99,4522892675087869,Visa,256,2031-05-20,35103.2,Blocked
894,0276106329702319,American Express,6748,2030-12-23,9839.08,Expired
859,0396372960463108,American Express,9786,2029-08-28,15729.99,Active
26,6449576948784468,Visa,168,2026-11-15,14738.72,Active
32,8214208564841113,American Express,7916,2026-05-13,24496.62,Active
20,4005383843049082,American Express,8250,2029-01-09,20325.79,Active
745,9651283826902388,American Express,2751,2030-01-01,12184.83,Inactive
675,2015472334750806,American Express,5764,2026-11-15,12378.96,Blocked
168,4142688125632916,American Express,1398,2027-05-25,47517.28,Active
426,2767840162552563,Discover,721,2030-10-13,24572.01,Active
465,1061289548914285,Visa,396,2029-12-27,27038.07,Inactive
44,0922434717000761,American Express,3673,2028-05-24,8918.21,Active
379,5427413964258733,American Express,4467,2027-09-21,41975.22,Blocked
177,0881321753830672,Discover,789,2029-09-22,31687.03,Inactive
751,0646218236693418,Visa,804,2026-08-19,49526.46,Inactive
930,6049218267873465,American Express,3754,2028-10-21,33572.46,Expired
437,9405891832488862,Visa,216,2026-09-17,17934.97,Expired
355,1147513141729196,Discover,733,2027-07-28,8173.51,Expired
467,4805359772816290,MasterCard,730,2029-12-04,45016.18,Blocked
40,6220838769796170,Discover,145,2031-09-23,11231.35,Expired
75,9624025866967930,Discover,728,2030-12-23,38449.73,Expired
941,4941926336356303,American Express,7847,2026-11-09,48440.11,Blocked
616,0427062637272729,Discover,306,2030-12-03,28720.31,Expired
38,5873755127830865,American Express,6874,2027-09-14,4903.69,Expired
877,0793343506624398,MasterCard,171,2027-04-06,40101.4,Inactive
106,1958194327957674,Discover,328,2031-10-11,22788.03,Inactive
136,6121629345137680,Visa,363,2030-07-17,33732.23,Expired
932,4449968275100160,MasterCard,204,2031-02-08,40125.94,Blocked
538,3385600721083073,Discover,367,2029-04-10,7839.41,Inactive
504,2793487879434526,MasterCard,525,2030-11-18,37561.14,Blocked
316,4532583510217445,Visa,475,2031-02-02,24143.94,Expired
389,7402441550396055,American Express,9843,2030-11-01,10190.09,Inactive
964,5552968341955308,Discover,666,2027-08-13,13114.37,Inactive
543,1339027745838594,MasterCard,327,2031-02-12,22771.74,Blocked
410,2206243038672601,Visa,698,2026-04-12,5677.72,Expired
25,5375150163727437,Visa,181,2028-08-01,38357.45,Active
651,4113693624326999,MasterCard,930,2026-09-03,48546.61,Expired
504,2124395155635603,Visa,374,2029-12-26,9862.63,Blocked
888,2077834651345594,Visa,498,2030-06-25,17549.24,Inactive
373,1439558568116862,MasterCard,611,2026-07-18,8916.31,Blocked
746,0142644729896463,Discover,541,2027-11-05,40166.48,Active
415,9233519698715572,Visa,745,2028-02-23,44675.6,Active
275,5984410778884058,MasterCard,679,2026-08-07,34237.68,Expired
292,2081412150490476,MasterCard,189,2029-09-03,47018.35,Blocked
314,9285696306138364,American Express,3192,2026-12-20,14019.88,Inactive
123,8702976498524074,American Express,6129,2026-09-01,29090.01,Inactive
644,2077564796955487,Discover,438,2030-12-14,26432.5,Expired
201,3766907499216532,Visa,763,2030-02-28,4799.49,Active
113,2710906270521481,Discover,354,2028-11-27,46836.04,Blocked
427,2710780037000253,MasterCard,766,2028-06-10,14145.35,Inactive
869,2187446633284029,MasterCard,581,2027-01-21,2493.3,Expired
430,6629679998276708,MasterCard,614,2030-10-26,24182.56,Blocked
925,1537949975645901,Visa,148,2026-06-02,7515.65,Active
272,7634903426952915,MasterCard,214,2031-07-03,38675.79,Blocked
941,2958160752143734,American Express,3762,2032-02-06,10989.29,Inactive
637,4419787545822311,MasterCard,347,2030-03-27,17713.1,Blocked
216,4871779477417482,American Express,3115,2026-04-14,17799.39,Expired
239,5185089494022898,MasterCard,986,2028-08-20,12666.23,Active
784,9202051370254133,Discover,510,2031-10-16,43465.8,Blocked
463,8561019162261972,Discover,471,2027-10-30,34955.62,Inactive
457,3243143633688911,MasterCard,460,2026-04-20,11106.68,Blocked
212,2653379620964758,Discover,763,2026-04-27,41592.96,Active
608,0720336692044866,Discover,983,2027-05-30,20134.92,Blocked
706,4768252376514318,American Express,6562,2031-02-24,4681.63,Expired
944,6195586842309495,American Express,6488,2027-07-17,21966.24,Inactive
630,8485823367445406,Discover,538,2029-11-26,2469.46,Blocked
349,5957579877630153,Discover,763,2028-10-13,36240.18,Expired
801,1963182802711357,Visa,541,2029-08-12,43693.91,Blocked
420,3012325601027976,American Express,3853,2028-03-08,46979.52,Inactive
398,3857519678917908,American Express,6290,2027-05-19,8186.72,Expired
416,8746969243377958,MasterCard,193,2030-04-20,21129.69,Active
454,5319812506265307,Visa,300,2026-11-08,6969.53,Active
880,6197076457065727,MasterCard,116,2030-12-23,32017.4,Blocked
923,7168003819748953,MasterCard,787,2031-01-01,19316.69,Active
666,2720124747338468,MasterCard,700,2031-02-18,32039.92,Blocked
821,9078348016403319,Visa,868,2027-10-27,19600.18,Blocked
340,7888076736725291,American Express,5730,2028-06-10,14059.6,Active
139,1516936264294357,Discover,406,2027-08-02,48198.56,Blocked
989,4074729049908027,American Express,3836,2030-08-28,33812.15,Active
513,6711711379343989,American Express,8933,2030-03-03,41138.42,Active
410,1435380869467433,Discover,553,2026-10-10,37587.2,Blocked
157,0836442126917369,American Express,3520,2030-12-06,18030.61,Expired
266,8613074272519112,MasterCard,211,2026-09-09,14314.35,Expired
861,2081346794835840,American Express,7374,2028-10-24,14234.55,Blocked
698,6266765808869964,Discover,634,2029-09-10,23476.99,Expired
417,8543226941481595,Discover,485,2026-12-06,11778.16,Active
743,5883982995231796,American Express,1631,2026-08-25,26437.9,Blocked
253,0293391906057934,Visa,939,2027-06-08,45009.86,Expired
948,1966633070413773,MasterCard,144,2030-05-18,15916.2,Expired
158,6330632831422137,American Express,7507,2028-11-11,32531.25,Blocked
994,5627064879916798,MasterCard,663,2026-10-17,30511.04,Blocked
68,5088709885084447,MasterCard,127,2029-08-05,25822.85,Inactive
456,2395142756512340,MasterCard,411,2030-04-23,43632.96,Active
347,7231431167045129,Visa,315,2027-04-11,47693.05,Inactive
270,1463922197639307,American Express,3358,2031-09-25,31405.7,Blocked
348,4001686047723801,MasterCard,573,2027-06-02,7846.17,Inactive
321,6218976379482862,Discover,212,2027-01-05,27750.17,Blocked
356,3414369356986269,MasterCard,794,2027-07-24,15672.36,Active
200,7404309777897577,Visa,101,2027-06-20,27242.4,Blocked
470,4395557020798860,MasterCard,413,2030-06-02,1315.7,Inactive
602,9255706791920620,Visa,229,2027-06-21,45605.27,Expired
718,1416478753447474,American Express,4597,2030-07-07,40427.31,Blocked
988,4240420065201467,Discover,919,2026-07-23,45237.34,Expired
979,0373509656593973,Discover,477,2026-12-29,45680.5,Active
376,2336457632367931,Discover,244,2026-12-07,3855.46,Blocked
6,5745855611764511,Discover,291,2028-03-23,11350.25,Expired
856,8849849459317695,Discover,215,2030-09-05,29827.58,Expired
6,7604536682613651,MasterCard,629,2030-07-19,48974.15,Active
266,4289521391047406,Discover,888,2029-09-16,29424.61,Active
292,9904859504615387,MasterCard,816,2030-02-01,49858.95,Inactive
883,8262665277431585,Visa,701,2031-02-01,37603.68,Blocked
535,8345477429915288,Visa,740,2027-12-07,35722.29,Expired
560,3962349810021588,Discover,842,2029-04-10,48515.85,Expired
867,1908943411953418,Visa,953,2028-05-12,10491.89,Inactive
656,9025489633417608,Visa,974,2029-10-25,27882.29,Active
625,6095214924796927,MasterCard,491,2030-12-22,49287.17,Active
715,7803297769967360,MasterCard,182,2028-03-05,21058.99,Blocked
125,8817264530409087,Discover,145,2028-01-28,36020.97,Active
766,7122306240138123,MasterCard,449,2030-01-23,29640.4,Inactive
484,7286970894330203,American Express,9277,2030-07-16,22308.72,Active
764,5485201590330863,American Express,2396,2031-03-23,24243.16,Expired
415,3807512869271063,MasterCard,311,2027-05-08,45463.94,Inactive
818,9563741986741809,Visa,578,2029-03-19,17161.6,Inactive
794,1480166382336347,Visa,756,2027-06-10,28319.51,Inactive
922,3935466921459477,Discover,972,2026-10-27,3804.71,Active
467,6824351722814815,Discover,525,2031-07-14,6900.43,Active
788,8797784554538681,MasterCard,782,2027-07-14,8183.9,Inactive
169,9359535789139099,Visa,103,2027-04-12,36761.31,Expired
483,6428355455088101,American Express,7944,2030-02-05,30864.08,Active
507,9353273810929443,Visa,543,2028-08-06,8246.38,Inactive
774,5083013700664975,American Express,5711,2031-08-17,8512.08,Expired
397,8977292755198074,Visa,257,2026-03-14,36717.88,Expired
224,1260230640007854,American Express,7965,2026-08-25,4052.0,Active
8,9788039784487242,Discover,713,2029-03-11,27176.26,Blocked
442,3798561266367808,MasterCard,514,2027-01-16,10083.55,Active
321,9337570656671216,MasterCard,406,2028-06-13,30072.99,Blocked
800,5532242056195741,MasterCard,121,2027-04-19,37809.71,Expired
26,4083303582753081,Discover,740,2026-02-28,12065.31,Expired
540,4649191723596828,MasterCard,900,2031-08-11,40708.64,Inactive
222,0094669476944782,American Express,7948,2031-01-19,47223.57,Blocked
75,8371091791098288,American Express,3792,2030-01-19,34122.93,Blocked
837,0513056662544656,Visa,934,2030-06-07,49178.37,Blocked
324,4996161854522127,Discover,330,2028-07-31,37832.53,Active
36,9184058404312874,Discover,709,2029-03-17,6417.77,Expired
776,0614135439436136,MasterCard,344,2029-12-01,32864.71,Expired
166,5649863992695110,American Express,6666,2030-02-21,4910.66,Blocked
571,0073084803465597,MasterCard,806,2026-10-14,19849.15,Blocked
477,9153222394237448,MasterCard,226,2026-12-05,3760.53,Inactive
838,6868270322548468,MasterCard,845,2031-11-26,5416.36,Expired
738,8450370328272395,Discover,853,2028-10-19,4751.32,Inactive
950,6076521213961428,American Express,3839,2027-02-01,8438.42,Active
478,7666531786464508,Visa,842,2031-07-16,32907.4,Inactive
283,2583124468142477,MasterCard,315,2029-10-24,20775.29,Inactive
213,6020464225266989,Visa,918,2029-06-26,23981.32,Active
676,0372586230565694,MasterCard,741,2029-06-28,8251.15,Active
349,4214322753492903,Visa,951,2031-11-17,37758.88,Expired
688,0987410121824594,American Express,9654,2027-04-01,2552.27,Inactive
449,6284574400227536,Discover,147,2028-04-05,6368.95,Active
886,9933371266627656,MasterCard,851,2026-02-22,46928.98,Blocked
428,7908485038658850,Visa,590,2029-12-18,49761.02,Expired
140,9462120588161634,American Express,2577,2029-08-26,35370.88,Inactive
267,5554514259040036,MasterCard,315,2030-01-12,25202.31,Expired
895,8615787315725009,MasterCard,911,2028-06-14,34104.51,Expired
131,3315098028993733,American Express,7143,2026-05-24,26320.53,Blocked
848,4469388909526746,Visa,519,2026-03-19,34397.37,Blocked
167,9790069030467069,Visa,803,2029-08-03,14507.01,Inactive
823,5978001913314695,Visa,624,2031-07-13,45412.47,Expired
677,6529073183583020,American Express,8197,2031-10-07,13275.31,Blocked
709,9552187413604723,Visa,296,2026-06-12,32826.87,Active
552,2186886996529797,MasterCard,648,2031-10-28,6766.58,Inactive
888,8210924703185723,Visa,479,2029-05-27,47375.73,Inactive
610,1676578460647590,MasterCard,877,2026-08-15,5078.93,Blocked
726,3339554275536370,American Express,4216,2029-03-02,37100.06,Active
698,0164178510778105,Discover,984,2030-03-13,45173.13,Blocked
670,8190842226229100,Discover,927,2031-01-23,9796.49,Blocked
174,8792315422577992,American Express,3429,2029-11-15,17075.03,Inactive
834,9971268329583329,MasterCard,127,2029-12-27,49871.76,Active
373,7945603809215727,Discover,291,2027-02-22,31717.41,Blocked
215,6633003508831325,Discover,422,2027-07-21,44154.17,Inactive
662,1690406086939922,Discover,144,2027-08-09,29794.29,Blocked
484,9770875422850983,Visa,786,2029-11-15,4277.52,Active
908,2007481334764941,Visa,519,2030-03-27,29872.17,Expired
522,6151526556385254,Discover,968,2031-02-28,5898.01,Blocked
518,7359863090254729,MasterCard,540,2030-01-24,37809.29,Blocked
439,5584871882870495,Discover,452,2027-12-22,32119.58,Expired
779,4733961493632345,American Express,1679,2027-08-27,49157.04,Blocked
869,6891577137216625,Visa,967,2029-12-09,36574.99,Expired
997,5228385879939673,American Express,6517,2030-09-04,14814.45,Expired
318,9487836593093187,Visa,331,2029-07-25,20890.2,Expired
1000,1088935102569938,American Express,3037,2029-02-15,22890.46,Blocked
752,9061471692899691,Visa,438,2027-01-27,24608.61,Active
432,1443058402880712,Discover,764,2031-09-03,41099.44,Inactive
352,3744635271028493,Visa,967,2032-02-01,33994.95,Blocked
10,8668458450672449,Discover,922,2029-02-09,42940.9,Blocked
336,8443238090367987,American Express,7275,2029-03-11,28825.45,Active
483,3785488286264767,Visa,573,2028-06-26,48897.6,Expired
797,1731661060573483,Discover,965,2028-12-21,5101.56,Inactive
117,7460774730077214,Visa,139,2030-08-05,35367.96,Active
501,9171148140961499,Visa,510,2027-11-07,12432.89,Inactive
572,9578632805775669,Visa,102,2028-01-14,44911.02,Expired
987,7839763845968665,MasterCard,390,2026-12-30,47072.53,Blocked
869,5856007159213625,Visa,284,2029-08-13,25257.74,Inactive
611,3810510003046244,MasterCard,186,2030-10-30,46310.45,Inactive
38,1501721100543361,Discover,431,2030-04-02,17049.55,Expired
23,1745609241784860,American Express,4031,2029-04-22,12838.88,Active
452,9383684266514856,Visa,652,2031-07-08,23284.66,Inactive
129,6806528754860232,Visa,450,2031-11-24,29817.77,Inactive
175,1064718733736382,Discover,130,2030-10-03,10469.82,Active
12,6074862616017200,Discover,658,2028-08-12,26328.55,Inactive
296,4887326386163496,Visa,219,2030-10-13,20234.39,Inactive
811,0070187067530272,Visa,957,2026-02-20,6061.22,Inactive
960,0204469310472267,MasterCard,526,2026-05-28,10188.87,Blocked
642,9241861464349765,Visa,464,2028-02-26,5241.59,Blocked
171,1185459611645997,American Express,7994,2030-11-28,25800.96,Blocked
706,8766646397214677,American Express,4783,2028-12-14,34097.91,Active
373,9859002387878711,Visa,858,2028-01-23,8286.25,Expired
818,0913190799549226,American Express,3686,2031-09-25,33806.82,Active
255,5323594389504949,Discover,886,2029-07-06,6453.77,Blocked
378,1524921338814661,American Express,4771,2029-05-29,14719.78,Expired
691,7528470090200328,MasterCard,486,2031-04-25,24795.79,Expired
50,6416079807260573,MasterCard,813,2031-09-20,27916.31,Active
739,3399585297728689,MasterCard,946,2030-02-01,23822.72,Inactive
913,2041666251625508,American Express,4103,2027-08-25,49781.62,Active
375,5232000190213786,Visa,826,2030-07-08,13367.14,Expired
767,5799048158475342,Discover,505,2030-06-27,40735.51,Active
804,4837524255941794,American Express,3534,2029-06-17,26640.21,Blocked
593,3137321569237646,MasterCard,102,2026-12-19,41513.95,Blocked
336,0487288658240402,Discover,456,2031-02-03,49003.22,Expired
673,8889807284989809,MasterCard,492,2026-11-21,19823.98,Inactive
937,5396304125617768,MasterCard,105,2028-06-10,39243.54,Active
987,0134647456063665,Discover,435,2027-05-03,17756.27,Blocked
141,5703610014942832,MasterCard,795,2029-02-20,13893.44,Inactive
346,3889823002641924,American Express,8759,2026-11-27,9499.84,Inactive
509,2558795773849293,Visa,287,2029-11-10,8199.58,Blocked
759,2315864859074434,American Express,6513,2027-11-29,49203.64,Expired
792,7905187816475782,MasterCard,123,2029-04-15,35597.36,Expired
236,1369467660811078,Discover,912,2027-11-10,25922.7,Expired
98,0336371251075159,Discover,573,2026-03-15,37449.13,Inactive
188,9089344332147228,American Express,5213,2026-06-06,33696.8,Expired
690,8924222694896451,American Express,6512,2032-02-09,30013.61,Active
567,9926456302777302,MasterCard,182,2030-09-27,38978.63,Expired
716,0969726021526298,Discover,805,2029-12-17,38335.16,Inactive
240,1413083786001934,Visa,410,2026-07-22,26878.22,Blocked
968,6897559026297265,Discover,960,2029-02-27,18832.2,Expired
60,0910758646561966,Discover,787,2026-06-08,3033.76,Inactive
819,4767119802226270,Discover,530,2026-11-20,18455.81,Expired
154,1573775369470720,MasterCard,106,2026-06-03,30691.58,Blocked
649,5887732439214361,Visa,526,2030-12-12,14156.31,Inactive
97,5662211429468392,Visa,832,2027-03-26,19568.96,Active
121,9459236124083103,MasterCard,548,2027-04-01,48773.87,Inactive
251,4877717031935721,Visa,641,2026-10-08,6985.96,Inactive
990,4874992086836995,American Express,9775,2026-12-09,19329.0,Blocked
549,8510233373498985,Discover,562,2026-10-20,19968.12,Expired
561,2183001221577351,Discover,442,2028-11-24,22774.06,Blocked
800,2398400332543448,MasterCard,699,2029-07-28,6633.02,Inactive
706,8365999760075645,Discover,927,2031-10-13,39005.14,Inactive
397,8797424568538765,MasterCard,832,2030-07-17,47681.74,Blocked
718,4279588592574389,MasterCard,702,2028-01-14,8196.48,Blocked
58,7801940221658652,Discover,784,2026-07-16,33327.87,Active
802,7814552624514128,American Express,4552,2026-08-02,48870.35,Inactive
251,5202314630526277,American Express,9402,2026-10-03,40052.77,Blocked
236,9416561758112100,American Express,4331,2030-01-15,9201.91,Active
360,2009029171187593,Discover,465,2028-12-24,36084.01,Expired
608,7152446899392000,MasterCard,445,2031-07-04,15180.72,Active
440,5222832777461801,MasterCard,790,2031-12-26,32293.36,Inactive
622,4927257234966857,Discover,728,2030-09-02,25713.97,Expired
82,4431774467119071,Discover,345,2029-11-09,36116.9,Inactive
454,4027620985324703,MasterCard,515,2026-03-12,20296.65,Expired
261,3154341925159487,Visa,629,2031-08-30,45655.92,Blocked
946,5848696011320395,MasterCard,156,2030-06-16,43133.06,Expired
885,2052260574792866,Discover,229,2030-06-12,15396.19,Expired
275,4954115002491160,Discover,538,2030-04-12,37629.29,Expired
993,6171860542118226,American Express,6161,2029-12-28,5926.19,Active
353,2961199519607787,Visa,388,2030-12-24,15624.58,Inactive
909,3808145275705756,Discover,133,2029-09-27,36529.29,Active
484,0942178036156513,American Express,8259,2030-03-10,33711.27,Inactive
518,9161292642315232,MasterCard,790,2030-11-30,34044.97,Expired
271,8981206357564757,MasterCard,988,2026-04-27,11462.3,Blocked
844,4641018646576217,American Express,5805,2031-08-16,9903.68,Expired
986,5874109667894385,American Express,9833,2028-05-08,23816.28,Inactive
933,7449580938495888,American Express,7381,2027-05-07,6192.73,Active
569,8987385352314953,Visa,229,2028-10-21,15226.39,Inactive
162,3135058012776772,Visa,144,2028-06-19,12523.51,Inactive
282,6014841185703584,MasterCard,466,2031-10-03,31938.62,Inactive
427,4334264139878288,MasterCard,854,2031-09-21,19252.38,Expired
291,1725846289760482,American Express,8844,2028-08-13,19538.17,Inactive
305,7397206848889979,Discover,709,2030-03-30,20975.48,Blocked
316,8589052946956839,Discover,310,2028-09-14,38872.73,Inactive
756,5865284607870154,Visa,544,2027-09-18,15509.17,Expired
10,5464281454454625,Visa,478,2027-07-09,5992.18,Blocked
661,4359990661764703,American Express,8705,2029-10-21,38927.17,Inactive
525,2730652300893787,American Express,2734,2028-09-05,17029.06,Blocked
177,4408835942751935,Discover,306,2027-11-01,36580.84,Inactive
518,3702943737743662,Discover,878,2026-09-03,18531.87,Blocked
944,2294019002413396,MasterCard,318,2029-08-25,5285.49,Active
144,2062469759225766,American Express,5518,2030-12-11,12406.16,Inactive
422,2911098057321417,Visa,761,2026-10-11,15247.12,Active
938,8537788522154200,MasterCard,240,2031-05-22,35523.77,Expired
733,2332890413060104,Discover,752,2026-11-21,41747.86,Blocked
663,8621592645253827,MasterCard,388,2028-07-26,41157.87,Active
460,4495242320625894,Discover,464,2026-11-08,36090.45,Inactive
480,4825812031362049,Discover,815,2029-11-21,45169.31,Active
767,8653848010527279,MasterCard,227,2026-06-25,8794.92,Inactive
725,7595795462213900,MasterCard,757,2029-11-03,47006.46,Blocked
599,5009554352526925,American Express,6969,2031-08-07,28177.37,Active
472,0670592784653545,American Express,6154,2031-03-13,15796.65,Blocked
101,7341621121388561,MasterCard,644,2030-03-10,29551.25,Active
854,8583923332010047,American Express,8094,2027-08-14,36197.24,Inactive
53,6198282742938354,MasterCard,115,2030-04-29,29039.76,Active
359,2566370786608827,American Express,8502,2028-04-21,42943.41,Expired
868,5751574906208301,Visa,580,2028-06-17,36659.73,Expired
612,2890247869496329,Visa,672,2031-04-02,31806.63,Active
285,7594055066296120,Visa,637,2029-09-11,13655.11,Expired
163,0010946920940050,American Express,9931,2026-08-04,40218.06,Expired
688,9058981561470429,American Express,6069,2030-09-15,47398.09,Inactive
716,7625818662003135,Visa,658,2027-05-22,47527.51,Active
909,3028024599884303,MasterCard,255,2029-01-21,7355.24,Blocked
442,4709763159875947,Discover,309,2027-10-18,45502.65,Inactive
289,4699313072137908,American Express,6446,2026-02-26,34820.94,Blocked
791,7599810496950507,Visa,331,2029-04-12,35316.46,Inactive
780,1189830498567068,Discover,794,2032-02-14,30817.76,Inactive
442,8291032844475407,MasterCard,895,2026-10-20,32951.03,Blocked
673,7538073722617749,MasterCard,350,2030-10-20,16935.76,Blocked
280,9676665095954075,American Express,9805,2031-02-06,3040.5,Inactive
877,4968720453155060,MasterCard,877,2031-11-23,2419.01,Expired
337,0607138754761270,MasterCard,728,2026-04-07,41235.32,Expired
234,1824590249102573,American Express,2324,2031-07-24,47369.35,Blocked
94,6735427014242766,MasterCard,854,2030-11-10,20856.91,Active
157,8902726423869327,Discover,368,2028-03-13,15237.65,Inactive
189,4105092630738037,Discover,595,2030-09-26,7932.08,Inactive
395,4960699326572883,American Express,9464,2028-02-21,2613.09,Inactive
394,1746037411807483,Discover,941,2031-01-20,38096.36,Inactive
810,1959265919133769,Discover,679,2031-07-15,26240.21,Expired
718,5374048775593361,Discover,836,2030-12-23,5215.92,Inactive
283,0651068072449681,Discover,987,2031-01-06,16909.61,Blocked
730,5151906327481135,American Express,7806,2026-11-21,20428.84,Active
178,4257979350741605,Visa,766,2030-07-31,38579.86,Inactive
618,9376369343533583,Visa,615,2029-09-29,16536.39,Blocked
564,7629983010011236,Visa,948,2026-07-16,45075.04,Active
50,2710564764756371,MasterCard,163,2029-02-07,37039.93,Expired
935,5139375860371771,MasterCard,658,2029-02-07,38396.24,Expired
462,1293818814964056,Discover,982,2031-10-04,49426.47,Inactive
442,9934982168061021,Visa,413,2027-11-12,11931.87,Inactive
652,9128289225435922,MasterCard,759,2030-12-01,21285.7,Blocked
244,0354508908951176,Visa,559,2028-03-03,1569.89,Expired
840,7063136351423808,American Express,3005,2027-07-09,29021.76,Expired
146,6000527203398825,American Express,2516,2031-11-03,15834.47,Blocked
219,5525874906819562,Visa,869,2026-11-21,31259.02,Blocked
969,3753281034990885,American Express,5398,2028-11-10,49948.8,Active
481,3594777846738095,Visa,733,2032-02-15,29172.3,Active
761,0417049822647459,Visa,971,2028-01-05,6710.01,Active
459,0054587559475458,Discover,586,2027-05-08,23729.12,Blocked
650,1011244126629845,Discover,402,2026-08-26,39397.16,Inactive
314,1307508521722098,Discover,133,2026-11-14,27795.89,Active
728,8572015184202903,American Express,3380,2028-01-26,3314.66,Expired
620,4598833267091558,American Express,7886,2026-12-02,31605.53,Expired
499,1791889024290821,American Express,3075,2031-10-08,3829.11,Inactive
100,2458483108152488,Visa,538,2030-12-08,25903.32,Active
260,1661776176295719,Visa,391,2028-10-06,39843.01,Blocked
90,2821082702153051,Visa,789,2026-05-29,33414.62,Blocked
127,6291820945872605,Visa,797,2031-12-22,42944.47,Active
819,6916690194433964,American Express,6282,2030-07-16,3844.44,Blocked
750,8141020238747534,Discover,546,2027-07-14,29890.91,Inactive
669,0620868002248777,MasterCard,746,2027-08-19,24903.29,Inactive
385,5835365510380949,Discover,674,2030-06-18,49777.14,Inactive
320,4578626890840040,American Express,5581,2030-01-26,1384.16,Inactive
433,4202754784055336,Visa,860,2028-04-02,34026.49,Expired
63,1493118295952353,MasterCard,643,2027-11-02,30521.55,Active
985,1234662837540427,Visa,314,2028-03-06,26012.47,Active
657,4911264449540194,Discover,446,2026-11-14,40201.81,Blocked
325,9022148062474711,Visa,830,2029-10-21,26158.56,Blocked
112,3228071845610961,Visa,882,2031-01-21,31115.86,Expired
462,5941558707843721,Discover,519,2029-08-06,34402.81,Inactive
762,8668171373938770,Visa,353,2031-12-11,23740.8,Expired
743,9783358103607823,MasterCard,346,2028-12-23,28036.2,Active
80,0856362493525588,Discover,834,2028-06-12,40187.67,Inactive
441,9290385146357228,Discover,772,2030-12-26,43042.21,Inactive
660,5428380564865246,Visa,494,2027-05-18,47827.54,Active
292,2668372843659037,MasterCard,978,2028-04-14,15452.84,Blocked
284,1792140398705455,Visa,967,2032-01-03,23490.03,Inactive
428,9128914756335071,MasterCard,903,2029-04-13,16300.84,Inactive
208,1188604954822934,Discover,159,2028-12-08,35167.52,Active
363,7101155050766409,American Express,6769,2031-01-19,18227.09,Active
819,5957647105676047,American Express,5216,2026-12-09,32923.06,Active
967,1507610983717869,Discover,807,2029-03-10,24029.66,Expired
824,4403726190346018,Discover,439,2030-10-12,32157.09,Active
74,3618650257144355,American Express,7403,2029-05-29,34616.92,Inactive
432,3574734215562804,American Express,4611,2027-04-18,2188.66,Inactive
465,5485727963397662,MasterCard,856,2028-05-04,34849.82,Active
74,6199463666477124,Visa,948,2027-04-11,26208.42,Inactive
66,1116324644153097,MasterCard,513,2030-08-21,7879.91,Expired
218,3674719297404684,MasterCard,957,2026-11-18,24946.41,Inactive
51,5742513910639794,Visa,691,2028-01-13,14609.21,Inactive
331,5379850125064318,Visa,893,2029-04-22,12019.43,Inactive
967,7828632132589526,Discover,888,2026-10-06,16809.86,Active
240,7330139946823685,Discover,945,2029-10-31,49924.84,Blocked
400,9783325659527434,Visa,305,2031-01-17,37603.7,Inactive
57,7164617402399473,MasterCard,373,2028-09-18,25271.8,Active
306,5623251325248088,Discover,977,2030-08-28,13015.79,Active
317,3023269444620548,American Express,8077,2027-09-18,21525.24,Active
985,0074615209682739,Discover,171,2029-05-12,3815.14,Expired
174,2405044601518640,MasterCard,900,2028-10-07,6463.39,Blocked
974,0032469178907968,American Express,2883,2029-02-12,23040.33,Expired
782,4521814635062972,MasterCard,972,2029-03-17,40467.15,Active
309,1917091204466129,American Express,7054,2027-10-15,21548.03,Active
546,2936613084269024,American Express,4475,2027-08-16,11085.01,Expired
45,5306294536086076,Discover,905,2031-09-23,44317.1,Inactive
15,1924493603853999,Visa,792,2028-06-07,12161.49,Active
853,8805435946524832,Visa,687,2028-11-22,49595.66,Inactive
884,5178016853657684,MasterCard,498,2028-10-10,40151.9,Active
885,3123905483138446,Visa,381,2030-04-23,43684.25,Blocked
892,9034445492052838,Discover,286,2030-12-04,13751.94,Inactive
43,8055289139223285,American Express,2254,2026-08-18,48117.88,Blocked
142,3850476774310434,American Express,8484,2027-03-10,25760.84,Blocked
133,6092734130637898,Visa,512,2029-06-22,24759.37,Inactive
157,3535040311986209,Visa,377,2030-01-31,31272.47,Blocked
353,7944355543605418,Visa,731,2029-07-05,17025.09,Active
416,5621163405072629,Visa,501,2029-10-19,38741.5,Inactive
180,1678208288442161,Visa,947,2028-08-31,36982.59,Expired
744,8071958715272880,MasterCard,694,2030-02-19,9641.53,Expired
706,0948055377339610,Visa,624,2032-01-15,4661.99,Inactive
935,8621911656259423,MasterCard,112,2026-12-12,8918.75,Expired
775,1931642939434462,MasterCard,941,2027-12-24,22944.75,Active
214,0927631493360152,Visa,189,2028-05-06,36843.11,Inactive
432,3449593908470072,MasterCard,416,2027-02-10,32870.37,Inactive
478,5497128334694873,Visa,401,2030-08-27,12514.79,Inactive
612,5262830724861025,American Express,4699,2028-12-14,29278.66,Blocked
275,6389494543552313,Discover,384,2031-04-10,2966.21,Inactive
965,6705616934925899,Visa,110,2026-08-27,49799.56,Active
851,3519561617956089,Visa,257,2030-09-26,13336.93,Inactive
292,6152319457973531,Discover,832,2026-08-29,48312.16,Blocked
286,2268801596809546,Visa,705,2031-11-27,26821.23,Active
130,0561833385749807,MasterCard,576,2029-07-27,41520.24,Inactive
129,0534659789119884,Visa,230,2026-11-07,21793.95,Blocked
251,1277632816099515,American Express,8422,2030-03-09,31180.66,Active
746,0821676080139410,Visa,341,2026-02-19,21130.42,Active
520,4741868496689714,Visa,842,2030-05-11,38184.76,Active
384,8043065457653228,MasterCard,312,2031-09-17,2542.25,Expired
53,6723477117693376,Discover,251,2031-04-30,21420.62,Active
135,5993610330990452,MasterCard,346,2030-11-27,14173.65,Expired
205,7052870009157466,Visa,341,2029-04-05,2933.31,Active
345,0412206089344592,American Express,7806,2030-10-12,20764.8,Inactive
787,7663975508483113,MasterCard,491,2031-06-12,41308.44,Blocked
312,9981804119760565,American Express,4598,2026-06-04,1635.2,Expired
552,5561166447882935,Visa,880,2028-02-09,11033.89,Blocked
762,0022518586023700,MasterCard,692,2028-09-26,22292.28,Expired
285,2430731676332398,MasterCard,452,2031-01-17,34451.47,Inactive
448,0634638380951345,MasterCard,350,2027-05-09,22145.64,Inactive
686,7682670075493466,Discover,560,2030-10-06,1545.64,Active
495,9951037697062173,American Express,5008,2026-08-23,16459.77,Blocked
603,8910050916763410,American Express,8688,2031-09-21,39419.52,Inactive
459,0242747889312594,American Express,2086,2026-03-13,40581.52,Blocked
405,1069838319800674,Visa,450,2027-08-01,25937.31,Expired
457,0668259913017333,Discover,984,2032-02-13,3191.86,Inactive
749,4444472376518881,MasterCard,504,2030-09-02,10668.03,Active
440,9575809721885053,Visa,813,2027-06-12,31794.98,Blocked
644,0804384812170912,Discover,234,2026-05-31,42200.7,Blocked
403,4083357841069003,Visa,270,2031-11-27,4918.66,Blocked
636,8603799050365136,Visa,516,2029-12-11,12611.27,Blocked
988,3740326672311537,American Express,2760,2026-10-12,31269.91,Expired
905,0834448748652509,Visa,992,2027-04-01,9293.31,Blocked
638,7997037927510580,American Express,5213,2029-04-16,37909.32,Inactive
371,4962493921201003,Discover,253,2030-06-30,8320.46,Blocked
160,2558787323332815,American Express,2037,2026-09-15,11692.99,Blocked
549,7026683806586652,MasterCard,102,2028-12-13,30735.2,Blocked
296,3541398567934115,American Express,9417,2026-03-01,18437.75,Inactive
736,2004229290081189,MasterCard,422,2030-08-05,26875.46,Inactive
943,2211650140774506,Visa,209,2032-02-15,4128.2,Expired
204,6319846242463603,MasterCard,218,2026-06-26,41457.97,Inactive
246,0879894439920560,Visa,335,2026-12-08,21315.55,Expired
758,6002267972927014,MasterCard,171,2026-09-19,48363.83,Active
732,9645275881798649,Visa,637,2031-06-01,21612.93,Blocked
546,9147091322484414,Visa,525,2029-09-21,24427.45,Inactive
741,3769677976880987,Visa,789,2029-10-11,11984.09,Active
185,6686165924950368,Discover,764,2027-12-04,4365.19,Expired
162,7227871263497336,MasterCard,431,2031-09-26,8916.71,Active
611,0741722384222949,Discover,442,2031-09-27,9749.19,Blocked
37,3571720839472700,Discover,969,2030-03-19,23896.87,Inactive
479,3172840379806948,Visa,567,2029-09-22,32891.12,Expired
151,2749110916579098,Discover,340,2030-05-16,1277.44,Blocked
166,9293664242433816,American Express,8894,2028-09-03,49737.04,Inactive
87,0382832064204407,MasterCard,120,2028-10-24,32972.57,Inactive
822,4386460020240376,MasterCard,383,2027-05-24,19740.73,Inactive
354,5090263456917356,Visa,598,2028-05-22,35555.96,Active
860,3730779887444659,Discover,255,2028-09-24,25348.47,Inactive
25,1367136384372361,Visa,681,2029-04-03,43386.2,Blocked
669,2064238967946776,American Express,7100,2030-11-18,4492.19,Blocked
128,0946902844566441,MasterCard,689,2030-03-19,27814.74,Active
509,7102771560047113,Visa,376,2028-04-26,28546.98,Inactive
876,5634273783296446,American Express,7478,2028-11-11,3816.9,Inactive
570,8512804062328709,American Express,9890,2028-08-09,6542.43,Expired
7,1446406284517134,Discover,174,2031-12-17,38485.43,Expired
396,8514533785747608,Visa,979,2029-09-09,13492.02,Expired
868,0004784487550076,American Express,9556,2031-02-14,9628.81,Active
728,3810586259553808,Discover,701,2028-05-05,11478.04,Blocked
67,8258520971940085,Visa,938,2029-01-20,39499.65,Blocked
530,7159849695812689,American Express,3536,2026-09-07,49075.0,Inactive
751,3595892910753934,American Express,6087,2026-05-08,41475.27,Expired
673,3091470820959597,American Express,1331,2026-11-18,17397.04,Expired
716,1283950556959878,Visa,355,2028-12-22,20374.35,Expired
469,6387347719143998,Visa,851,2030-12-11,5843.7,Active
496,0563478176818299,Visa,917,2027-02-20,7580.54,Blocked
566,4601186696192916,Discover,665,2029-01-29,19147.36,Expired
474,1269656698375245,Visa,355,2026-07-23,48398.1,Active
299,0087552199287275,MasterCard,236,2029-12-24,29969.09,Expired
162,0353507569815490,Visa,726,2030-05-02,30344.06,Blocked
749,0602389453707479,American Express,3350,2028-11-17,46732.62,Blocked
96,2371749484436604,MasterCard,826,2027-01-18,35572.73,Blocked
756,8267055327526892,American Express,9997,2031-07-05,34239.59,Blocked
798,5837700780573378,MasterCard,651,2031-05-15,36870.24,Inactive
14,4763985697253370,MasterCard,661,2029-02-24,2478.2,Active
576,8501200489011599,American Express,1566,2030-05-13,44076.66,Expired
813,1305194164832080,Visa,723,2029-02-18,30955.15,Active
503,4150591222055943,Visa,414,2028-09-19,9888.98,Active
315,3815475085585215,MasterCard,204,2027-02-22,48243.89,Blocked
296,0690439265171495,Visa,140,2029-10-22,1593.36,Active
410,0562520407424405,MasterCard,793,2027-08-03,43618.47,Blocked
578,9801906033162539,Visa,903,2027-06-26,42185.27,Expired
953,3676520912195348,American Express,2245,2027-02-04,21709.61,Inactive
487,8490104131810823,MasterCard,809,2029-10-02,8903.82,Blocked
535,4833035240521535,American Express,1568,2026-06-03,27237.23,Blocked
993,7255585423873431,American Express,2384,2029-02-22,9199.8,Blocked
335,4160150393700807,MasterCard,653,2031-06-01,43063.55,Active
595,4789068513577321,Discover,698,2026-07-03,39076.69,Inactive
433,5834536134106935,MasterCard,269,2027-02-10,37628.2,Blocked
913,8375836572378527,MasterCard,960,2029-03-11,3612.87,Inactive
715,1170675862309010,American Express,8226,2029-01-23,35956.82,Active
697,4783809799373142,Visa,160,2028-04-17,21938.72,Expired
129,7251779195933657,Visa,638,2029-03-02,3946.58,Expired
126,4996935514713124,Discover,830,2032-01-25,9136.79,Active
17,4792289563710574,Discover,380,2028-08-26,1274.8,Blocked
461,8768989807228039,Discover,174,2027-09-06,33528.32,Blocked
827,9469721439450389,Discover,742,2029-12-31,20650.15,Active
492,6409397939540073,Visa,879,2031-04-23,4025.36,Active
35,7839970427693783,Visa,652,2030-05-27,10791.11,Active
304,6040564608078827,Visa,323,2026-07-16,13133.27,Blocked
383,3307107568770277,American Express,5342,2031-12-19,18314.91,Expired
249,4761364367718428,American Express,3313,2028-03-04,27486.41,Blocked
200,5391374067988295,Discover,394,2031-03-28,1037.97,Expired
70,6737379422181660,Visa,413,2029-08-26,1280.08,Blocked
179,3371154544949728,Discover,498,2027-07-08,46435.66,Active
811,9869554235086248,American Express,9794,2027-05-05,34861.83,Inactive
670,6263400079347940,Discover,252,2030-01-31,41693.12,Blocked
723,3457556232093383,American Express,9325,2031-10-24,41188.16,Inactive
859,6888621356724722,Visa,575,2031-07-04,40504.9,Expired
583,9764728996096513,Discover,486,2029-02-06,40201.05,Active
900,5769936186115575,American Express,7367,2027-06-28,26453.46,Active
365,9604980622770806,American Express,6273,2027-04-08,28323.2,Expired
270,7574428924393555,Visa,447,2029-10-12,17786.94,Blocked
836,2402141724008528,MasterCard,494,2031-08-16,12087.7,Inactive
774,4044615851188524,MasterCard,317,2029-12-20,26661.73,Blocked
831,5044619262965131,MasterCard,501,2030-09-09,17164.25,Expired
978,8744940984636644,Discover,403,2031-12-26,4629.18,Expired
413,9401494506062011,MasterCard,123,2031-07-22,43970.57,Active
295,1162005474061779,Discover,952,2029-02-26,38260.08,Inactive
641,8399133356340168,Discover,894,2031-09-07,43871.8,Active
890,1714041095204228,Visa,581,2027-12-08,14512.87,Active
240,0573326034760644,Visa,372,2027-12-05,12262.28,Active
577,9772877408566491,Visa,786,2031-07-28,3254.42,Inactive
818,8677988169436787,American Express,3140,2026-08-29,48076.2,Blocked
208,4324610135646362,Discover,689,2031-12-14,33561.35,Inactive
735,4015785547509155,Visa,140,2026-04-18,24828.06,Inactive
257,9621565853938076,Visa,173,2027-07-18,10231.14,Active
551,1353463932085147,Discover,566,2027-01-15,16460.62,Active
919,9553312106299598,Visa,287,2029-05-13,16086.07,Blocked
721,1476456429208381,Visa,263,2028-08-04,23257.79,Inactive
56,5353641415250001,American Express,9756,2032-01-05,8931.07,Expired
13,3355626428407749,Discover,946,2028-07-28,48223.79,Blocked
980,8856776831572090,Visa,167,2029-09-19,15982.16,Inactive
217,1555872266231551,American Express,2770,2027-12-22,27964.61,Active
277,9837295420329542,Discover,433,2027-11-24,18837.59,Expired
372,2376410910912418,Visa,998,2031-04-14,38436.32,Active
269,5314866914727849,Visa,292,2027-05-13,47463.8,Active
516,0234153543706876,Visa,377,2028-12-11,30369.66,Blocked
578,4866014720395546,Discover,212,2028-02-05,28451.54,Inactive
225,7971110500837826,Visa,240,2031-09-10,46961.55,Inactive
9,6982793678403722,Discover,741,2028-07-05,46994.7,Inactive
902,7265376337452473,Discover,120,2027-08-20,4862.65,Expired
115,7353872610276099,Discover,162,2026-11-22,39229.96,Expired
220,2478040739930051,American Express,7515,2026-12-31,22007.4,Blocked
206,5140176878795905,Visa,840,2029-07-15,13906.1,Active
86,6252455373797571,Discover,971,2029-07-03,25609.64,Active
452,7160755238670559,American Express,9557,2028-09-22,3893.84,Blocked
855,3112123132013338,Visa,448,2028-08-12,28691.64,Inactive
625,1195493236775105,Visa,341,2026-11-21,36679.82,Expired
748,0469870919856943,Visa,106,2032-01-18,26493.7,Inactive
453,0405437672613105,Visa,814,2027-01-31,34976.2,Expired
301,6740334433444929,Discover,847,2031-01-11,17396.85,Blocked
199,1785443039586785,MasterCard,848,2030-03-07,23013.06,Inactive
476,4918181340530936,Visa,771,2031-05-29,46307.87,Active
749,7188169171408218,American Express,7785,2027-04-07,5758.39,Active
208,2919511588396034,MasterCard,530,2029-08-05,24379.87,Active
603,7629299077045312,Discover,580,2029-06-23,10906.33,Inactive
857,0451581944571862,American Express,8417,2031-11-15,26705.84,Inactive
778,4804171872419555,American Express,7433,2028-06-27,26366.63,Active
425,4033365568919237,Visa,618,2031-07-30,32827.32,Active
526,5682740134350456,Visa,728,2027-08-02,19895.31,Expired
61,6331059365281862,MasterCard,829,2027-01-19,33403.21,Inactive
256,0898257041813487,Visa,351,2031-11-29,33218.4,Inactive
501,9503380651547613,Discover,876,2027-01-04,45588.83,Inactive
287,4910581778595247,MasterCard,779,2031-08-22,22478.81,Expired
281,5855752528543816,American Express,1330,2031-07-01,22653.71,Expired
226,4359600649656179,MasterCard,294,2028-05-23,9266.08,Expired
130,8955521638585497,MasterCard,409,2030-04-23,47648.88,Expired
462,8740783372291658,Visa,354,2030-01-21,23077.34,Inactive
476,6598989008324657,Discover,666,2026-06-25,34000.07,Active
146,9648783595162681,Discover,159,2026-08-28,42589.45,Inactive
901,7418949233960133,Discover,374,2028-04-26,36911.69,Inactive
877,6039232896696096,American Express,3383,2026-06-06,35815.49,Active
549,3075257617243876,MasterCard,200,2026-06-05,10269.16,Inactive
768,9038327966864081,Visa,230,2031-01-11,14208.29,Blocked
221,1244702018328188,Visa,267,2026-11-05,23274.98,Active
412,2692845248170114,American Express,3256,2028-06-02,41340.11,Active
585,3055265015708126,American Express,8741,2031-01-28,13758.73,Blocked
754,8991115910968150,American Express,5579,2030-11-12,32667.94,Active
252,5882944619343515,MasterCard,548,2029-08-19,42692.23,Expired
898,6595437656419383,Discover,616,2030-11-29,1702.97,Active
839,0374159429474237,Visa,585,2027-03-20,46853.36,Expired
752,9944626942691750,Discover,247,2030-01-17,3102.39,Inactive
897,3033595884012003,MasterCard,582,2026-12-31,13214.5,Blocked
522,5176945196306995,Discover,942,2026-04-12,44609.96,Active
270,2262744666540491,Visa,739,2027-10-24,49341.01,Blocked
789,4996425014003902,American Express,9816,2028-10-16,30602.95,Blocked
131,5277994792086220,American Express,4142,2028-12-07,21991.73,Active
861,5537777538552684,MasterCard,843,2028-09-03,49067.29,Active
850,6657627204109270,Discover,626,2026-09-24,7097.09,Blocked
424,0226343025959750,Visa,694,2026-07-01,7438.86,Expired
931,5145606005761499,American Express,6215,2028-02-15,34300.24,Active
820,2778688960264513,Discover,620,2030-04-02,27167.26,Blocked
160,0755633967596587,Discover,772,2026-11-23,10671.23,Blocked
746,9766306083008416,Visa,117,2026-10-04,39652.71,Inactive
221,8288396385882937,American Express,4439,2030-05-23,27449.43,Expired
836,4072992462248640,Visa,692,2029-11-01,40419.51,Blocked
776,4053106176614785,MasterCard,544,2031-01-20,8207.05,Blocked
831,3238238123974884,MasterCard,509,2029-04-12,36366.14,Inactive
704,9595907830834071,MasterCard,318,2027-04-06,21966.18,Inactive
370,5201616346135082,Visa,791,2027-03-03,46562.94,Inactive
632,7211543988277291,American Express,9236,2027-11-08,5969.25,Blocked
97,4458826444151059,American Express,1251,2028-02-18,45911.66,Expired
742,7560545382774661,Discover,526,2030-06-19,49424.35,Active
927,3132767211608427,MasterCard,200,2031-01-08,48124.87,Expired
846,6105897266851987,MasterCard,110,2031-04-19,5867.97,Blocked
835,5474489197086223,MasterCard,166,2031-04-26,2364.03,Inactive
405,3066146132651238,Discover,816,2027-07-05,5724.14,Active
642,0748319853446256,Discover,505,2030-03-23,13580.56,Blocked
476,8781570114787337,Discover,933,2029-08-06,18080.85,Inactive
506,5429005342499337,Discover,246,2029-11-29,36613.07,Active
635,8370587534761461,MasterCard,890,2029-11-25,33189.19,Active
229,5687149117369804,American Express,6152,2029-09-30,16673.69,Active
982,7149656954526358,Visa,243,2028-04-23,26735.01,Blocked
197,1083979064420217,American Express,7717,2028-06-23,18184.52,Inactive
379,1382448420143396,Discover,336,2026-07-24,4556.18,Inactive
179,4153742191922834,Discover,564,2030-10-06,47512.02,Inactive
920,7161395555751962,MasterCard,680,2028-02-04,3992.35,Blocked
843,6401538861867723,Visa,495,2029-11-12,26009.38,Expired
713,4533098946440042,Visa,834,2028-04-18,10086.45,Inactive
137,4319507571641855,Visa,420,2031-07-01,3156.21,Active
745,4132151082038122,American Express,7476,2026-04-25,34795.97,Inactive
969,0693920024761832,American Express,1600,2028-09-25,29928.68,Active
599,7721700729599934,Discover,758,2030-10-28,1470.09,Expired
421,7639051339329486,American Express,8990,2030-08-05,34401.34,Expired
717,5956293489136518,American Express,9347,2031-01-19,38151.83,Active
338,2159101970560951,American Express,3373,2031-08-01,21095.63,Blocked
415,0858855811066703,Visa,577,2029-06-08,33829.54,Active
822,9306247354222695,Visa,482,2028-12-19,8127.22,Expired
174,0467373263663464,Discover,542,2026-10-15,27083.24,Active
937,2018145690598141,American Express,5132,2027-10-23,29566.61,Blocked
88,5992732201741578,Visa,476,2029-10-12,17535.68,Inactive
767,6836315813688596,Visa,593,2027-10-25,26295.67,Blocked
379,9340621597012871,Discover,624,2028-01-25,25040.77,Inactive
103,6929929664045732,American Express,2669,2028-02-16,49974.32,Blocked
642,8752562603198299,American Express,5116,2031-06-05,10843.58,Inactive
463,1428991120542936,Visa,811,2031-04-11,39652.74,Blocked
999,0164027094356013,American Express,9740,2029-05-11,3780.09,Blocked
307,1095105296644357,Discover,107,2026-11-22,29988.68,Active
622,2970592970046157,Discover,582,2027-09-29,23385.24,Blocked
108,0377839645978661,Discover,401,2030-04-09,8795.67,Inactive
457,1616793166613268,Discover,969,2028-08-13,16971.26,Blocked
716,2809631222115282,Visa,941,2032-02-01,12678.46,Active
393,1804325877956994,American Express,7196,2031-04-01,43058.65,Inactive
621,9446519523202269,MasterCard,434,2031-12-03,41186.68,Active
283,4735247775077889,Discover,787,2031-06-27,38407.93,Expired
339,9985065471184544,American Express,7112,2030-05-13,22377.84,Inactive
704,8090252594048626,American Express,7609,2027-03-08,18522.83,Blocked
855,4257697047110667,Visa,575,2027-04-07,10333.16,Expired
908,3665866037512942,Discover,167,2028-10-17,30322.71,Inactive
988,9507555948490912,Visa,686,2029-10-15,3256.22,Inactive
433,5427616723858962,Visa,521,2029-12-08,27749.84,Expired
591,6151161033818656,MasterCard,123,2027-09-09,20374.36,Blocked
465,1055348258075317,American Express,5441,2026-02-27,10138.62,Inactive
408,2069441502773165,Discover,751,2028-01-09,28562.77,Active
976,3814688874132785,Visa,979,2031-03-31,21596.48,Active
471,0442803784008018,Visa,107,2031-06-03,17651.06,Inactive
380,0419107328120991,American Express,9521,2027-03-18,27649.2,Inactive
482,6118647908860109,Discover,633,2029-10-08,9307.66,Expired
603,9757456953085140,MasterCard,236,2026-10-27,40492.11,Inactive
227,0376739287236828,Visa,430,2028-07-18,4376.81,Blocked
125,7758165443099601,MasterCard,660,2030-04-06,22495.67,Expired
428,0827455293986788,MasterCard,669,2031-09-21,9273.94,Blocked
258,3274585683635154,MasterCard,572,2027-03-25,8077.75,Blocked
358,5074888008925125,MasterCard,561,2027-02-09,18401.76,Expired
108,4151645625038866,Discover,209,2027-01-23,16276.87,Active
433,8702268918061792,MasterCard,290,2028-08-15,20298.15,Active
461,2025772824596865,Visa,989,2029-04-09,45231.12,Expired
486,6812492608336378,Discover,612,2026-08-04,26845.27,Active
697,9982743797381032,Visa,722,2029-01-03,42529.81,Expired
605,6924315887899886,Visa,736,2027-04-02,4365.06,Blocked
995,7702166504516992,American Express,9733,2027-11-08,6205.25,Active
682,4516355758284085,MasterCard,988,2027-06-07,29038.08,Active
806,2335583265299560,American Express,5251,2026-03-14,45720.72,Blocked
559,1646268739047950,Discover,555,2026-12-10,29132.97,Active
783,9124294491712002,Discover,973,2029-03-10,9683.02,Inactive
117,3685592856593243,Visa,547,2031-05-03,39826.92,Active
470,2360899371057012,Visa,288,2027-10-21,46590.57,Expired
759,1094961459977519,American Express,4383,2031-09-30,24989.31,Active
789,1263738758804424,MasterCard,973,2028-09-10,39394.9,Expired
689,2961728134732876,Discover,890,2026-03-12,1449.41,Inactive
780,1679741191602932,American Express,3465,2027-06-22,9359.61,Blocked
131,9430296283941162,Visa,804,2030-09-09,16642.21,Active
848,3918234468780004,Discover,206,2031-10-02,35796.29,Expired
258,1349020336878352,American Express,8027,2030-01-09,47823.31,Inactive
806,3678815576826555,Visa,186,2028-01-27,43209.82,Blocked
965,1389162154824365,American Express,4317,2029-12-14,40903.48,Inactive
640,2340585170640039,American Express,4327,2031-02-27,28456.83,Expired
235,1362103191087088,MasterCard,868,2030-02-16,35561.62,Active
787,4827319078859164,Discover,441,2027-01-10,28936.81,Inactive
548,2767284658329900,Discover,698,2029-04-07,9539.75,Active
815,5975956248213834,MasterCard,564,2031-07-30,26396.18,Expired
910,9039408021949725,Visa,604,2028-04-01,46015.6,Expired
407,7075038327901681,MasterCard,466,2030-10-10,22179.87,Active
393,8972198720966696,Discover,155,2028-02-26,19281.64,Active
550,8116111841941567,Discover,636,2030-03-09,45413.99,Active
545,7131437245170080,American Express,5639,2031-10-27,19025.66,Expired
575,6018510416226087,American Express,8375,2030-07-03,24483.71,Blocked
833,5093014322324524,American Express,6702,2031-08-11,15714.66,Inactive
890,9072255741655891,American Express,2074,2028-05-04,10981.63,Blocked
47,2498594845409171,Discover,371,2027-05-30,26834.24,Blocked
605,3681875384158921,MasterCard,637,2030-09-18,29646.09,Inactive
415,6816632434534992,Discover,599,2026-04-30,22815.23,Expired
181,8012974308292165,MasterCard,694,2026-05-26,37010.96,Inactive
246,2558531114070782,Visa,977,2029-01-03,29685.96,Expired
440,1036062161963496,MasterCard,381,2026-09-20,9033.59,Inactive
521,0995495803816660,Visa,836,2028-09-15,36252.74,Active
763,3337819715923613,Discover,190,2030-01-28,34123.04,Blocked
930,6759277845363486,American Express,4848,2026-09-23,16387.31,Inactive
360,7041493378048971,Visa,289,2031-09-17,47381.15,Blocked
70,4813111828879413,Discover,205,2029-02-23,6249.95,Expired
20,5580060662219788,Discover,216,2027-09-30,2145.2,Expired
267,2430960121125896,Discover,706,2031-05-31,28248.92,Inactive
245,4003186394069584,Visa,927,2026-12-29,33103.17,Blocked
564,0968351988305306,American Express,5436,2028-05-06,3170.13,Expired
751,4802491157230652,American Express,5761,2030-05-03,3272.03,Active
298,7324933591097236,MasterCard,677,2027-12-02,14308.46,Blocked
217,9099682527442636,Discover,824,2031-11-27,26627.97,Active
382,8685889051572082,American Express,8414,2031-11-07,43294.89,Blocked
872,8230721402423321,Discover,369,2032-01-17,40830.69,Expired
476,9465439645838729,MasterCard,895,2028-04-24,15321.16,Inactive
562,6345627514417463,Discover,291,2027-06-07,19324.96,Inactive
224,4395950531186562,MasterCard,925,2030-10-30,15000.17,Inactive
60,3054950752216719,MasterCard,938,2032-02-17,6609.91,Blocked
693,1094461251464914,American Express,6870,2029-02-16,42912.36,Expired
461,8083923698394727,Discover,809,2027-03-27,37882.76,Active
499,9651770165812868,MasterCard,349,2026-04-28,24963.97,Inactive
75,2957481704398929,American Express,8303,2029-09-12,47992.27,Blocked
205,6701980288934549,American Express,1173,2029-07-22,43178.28,Expired
493,9867996032492521,Discover,654,2029-08-24,13572.68,Blocked
946,8564562326920869,MasterCard,564,2031-04-01,29836.87,Inactive
234,8509171464525742,American Express,6569,2029-08-25,16143.6,Blocked
666,6747384850746465,Visa,810,2027-08-04,20671.75,Blocked
89,8493640127281977,American Express,6873,2028-04-12,14576.72,Active
252,6955896696193379,MasterCard,546,2031-04-10,44455.83,Blocked
525,5958186428510077,Visa,284,2029-05-25,47578.67,Expired
975,4221666058203820,MasterCard,635,2026-11-01,36632.19,Expired
33,3559437552702496,Visa,996,2031-10-19,40088.47,Active
375,3362196192285434,MasterCard,358,2028-05-03,43465.35,Active
513,0980166065228049,MasterCard,874,2031-09-16,4744.5,Inactive
750,9909322116763243,MasterCard,320,2026-08-31,44933.15,Expired
295,8385792378396649,MasterCard,181,2030-11-11,25012.66,Expired
604,5476621150941883,MasterCard,902,2027-04-22,37808.7,Inactive
260,5864906175623077,American Express,6236,2029-07-01,17445.75,Active
558,3130061145743903,MasterCard,909,2026-07-09,47830.78,Inactive
538,0334136227957390,Discover,121,2026-03-24,18564.75,Blocked
16,0855171539717383,MasterCard,783,2031-04-12,29760.25,Expired
540,6747805000877897,Visa,394,2027-03-29,28443.53,Expired
111,1591062958523240,Discover,677,2026-07-08,9343.1,Blocked
402,1848473791348062,Visa,295,2031-01-28,21221.54,Inactive
500,3011462531464737,Discover,790,2029-02-02,42097.31,Active
44,5165701259778655,Discover,301,2028-10-09,9944.92,Blocked
777,3721165325269340,Visa,938,2027-03-03,5657.22,Inactive
266,0427264111511533,MasterCard,928,2026-03-21,31915.33,Expired
404,2260946904591052,American Express,8954,2027-05-26,11284.26,Expired
536,8224745308079402,American Express,2572,2032-01-09,31407.05,Expired
350,5454187989115533,American Express,3374,2031-01-23,42685.13,Active
106,5724786589457744,MasterCard,635,2026-08-07,18204.01,Inactive
316,2627313722446833,Visa,688,2027-07-28,4692.79,Expired
150,3917239432827746,Discover,939,2027-12-12,5813.46,Inactive
821,2329557044581134,Visa,901,2027-07-31,30386.31,Blocked
748,0190824643425730,MasterCard,577,2030-04-24,9190.52,Blocked
216,4978885143365324,MasterCard,180,2026-04-19,8827.38,Active
988,7360872420191301,MasterCard,881,2027-10-26,14997.15,Expired
741,0152535324358999,American Express,1391,2030-01-31,3568.9,Active
500,3251693497053130,Visa,968,2028-01-15,25940.25,Inactive
440,0797383140845381,Visa,417,2029-07-24,30856.23,Inactive
247,6385461101520190,American Express,6036,2030-07-08,43078.59,Expired
386,0509118230299709,American Express,9761,2031-02-03,40923.84,Expired
343,1738133542548638,Visa,170,2028-11-06,7151.25,Expired
864,8451257534616779,MasterCard,442,2029-05-31,20662.15,Blocked
146,4872719359431676,Visa,961,2031-12-13,18316.29,Inactive
756,5267359135963588,Discover,254,2028-12-15,8353.24,Blocked
175,8677675292015506,MasterCard,402,2028-02-22,28253.65,Inactive
37,4355804131035272,American Express,2450,2030-10-25,48043.94,Blocked
799,5984534676271603,Visa,662,2027-08-07,44355.76,Expired
812,9369574204841401,Discover,587,2027-05-29,30160.8,Active
849,7625350627411358,MasterCard,676,2030-04-29,37749.49,Inactive
280,8892364801360753,Discover,274,2029-06-18,47731.65,Blocked
222,8900713333422656,American Express,8079,2027-04-18,43611.36,Inactive
372,1709450737847939,American Express,5277,2027-06-21,25617.56,Inactive
68,2593171315626753,Visa,277,2030-03-19,13444.95,Active
642,3701090576614464,Visa,522,2027-05-29,5582.82,Blocked
751,2817932829833025,MasterCard,735,2029-02-21,25044.07,Expired
76,4703850429305093,American Express,3695,2029-02-27,6234.65,Expired
795,3013852342449200,Visa,768,2028-12-29,46380.92,Active
537,9128055464716945,Discover,383,2029-03-02,45599.17,Inactive
956,8317711894876834,MasterCard,673,2031-06-01,40839.2,Blocked
377,0559728477026630,Visa,193,2027-08-13,45770.01,Blocked
371,9653022395190129,Discover,901,2029-05-08,30884.81,Blocked
349,8399366567665457,Visa,672,2029-08-31,14888.78,Blocked
318,2297455109325791,Discover,966,2028-03-05,17951.58,Blocked
882,2842406024548621,Visa,472,2028-12-28,21945.42,Expired
903,1686562019634625,American Express,6234,2031-11-18,25920.18,Active
627,3904938955297993,American Express,6706,2028-04-07,16677.29,Blocked
981,1968415632593218,MasterCard,355,2027-10-27,40091.29,Blocked
205,9276235418250074,Discover,184,2031-02-04,12457.74,Active
22,8038573498719206,Visa,269,2029-02-19,3783.97,Inactive
273,9602867377454662,MasterCard,603,2030-09-30,11074.15,Active
404,2802089996524580,MasterCard,779,2026-06-29,8858.15,Active
204,6977348273445786,American Express,8179,2029-07-05,25098.49,Expired
526,4466362950749771,Discover,764,2030-01-18,43402.52,Blocked
588,4684712892310791,Discover,166,2028-12-20,42179.17,Inactive
867,8600866047410575,Visa,191,2028-09-06,49635.01,Inactive
902,5525813298534658,Visa,280,2027-06-05,11245.77,Blocked
173,8605208561686757,Discover,483,2030-04-09,40293.02,Inactive
737,8985895559779670,American Express,6052,2031-09-14,10326.94,Blocked
498,7626505630155515,Discover,821,2027-10-14,41067.98,Active
78,3809803699809651,Visa,719,2026-11-14,14942.12,Expired
823,4197885974973979,Discover,516,2029-10-24,24189.74,Active
361,8142661448205074,MasterCard,176,2030-12-05,19621.14,Inactive
991,7542882034389176,American Express,9511,2030-03-10,4462.91,Active
430,3520846140189420,Discover,568,2026-05-04,3846.08,Expired
440,3342336694741975,American Express,5237,2026-07-28,20915.39,Blocked
94,0103135185726813,MasterCard,656,2028-09-27,40464.07,Blocked
421,0495141896664903,Visa,830,2031-11-21,48840.99,Active
876,8968784593704080,Visa,957,2030-11-24,35905.82,Blocked
280,3278354046556614,MasterCard,928,2028-12-16,35095.35,Active
36,4838385010270493,American Express,7616,2028-11-04,28258.3,Active
816,4045471251109302,Visa,633,2028-08-03,10229.93,Active
871,9183709559936134,Visa,961,2032-02-13,7930.29,Inactive
385,2697927175511163,American Express,7587,2030-04-25,32548.99,Expired
26,9503497525823307,American Express,1380,2029-04-08,17184.36,Blocked
819,6452520750657203,Discover,941,2029-09-19,45244.94,Inactive
273,2889779351901479,MasterCard,610,2031-09-01,23491.59,Expired
447,7916074700359800,American Express,7589,2029-09-30,46813.77,Expired
985,3184542022250850,Visa,680,2027-12-06,8670.53,Expired
593,8744207906852955,Visa,448,2031-01-05,7596.34,Inactive
860,1491617862944775,MasterCard,524,2026-11-29,10710.89,Active
93,4401349276095697,MasterCard,141,2028-06-24,36622.17,Expired
291,4368244689772293,American Express,9955,2029-09-24,4336.03,Blocked
477,8720718811678474,Discover,941,2027-06-17,26784.95,Expired
934,0852304899591961,Visa,374,2029-05-28,2854.92,Blocked
496,6563992903106924,Visa,116,2032-02-05,14644.54,Active
927,1750864827031370,Visa,735,2031-04-19,1508.3,Blocked
869,3759302958978839,MasterCard,215,2029-03-07,32014.6,Expired
767,3526277459563547,Discover,944,2030-04-21,3037.03,Expired
562,6186751406802679,American Express,9353,2031-12-10,39447.41,Expired
92,5210016274721848,Visa,528,2029-04-01,10515.56,Expired
504,4464047600452798,American Express,5439,2030-03-07,49064.57,Inactive
755,3311105452642939,Discover,737,2027-05-12,39701.0,Expired
913,3522289487503676,Visa,727,2027-09-02,1186.49,Inactive
520,9591090220838964,American Express,3160,2026-05-07,9276.57,Inactive
48,3092116771297187,American Express,8339,2031-01-07,9683.29,Active
657,8780383108042757,Discover,202,2026-12-30,22377.37,Blocked
811,4288350224774833,Visa,233,2030-04-24,25226.44,Inactive
105,0585673832535663,American Express,4042,2029-02-25,25679.27,Inactive
7,6047657845134432,MasterCard,286,2029-01-14,4592.63,Blocked
766,7395079580191156,American Express,9623,2027-12-01,45234.22,Active
131,2948639562233451,American Express,4822,2028-02-17,22672.82,Blocked
532,4614407137814225,MasterCard,760,2030-03-11,17554.49,Expired
435,4794343865147686,Visa,886,2026-03-16,21846.58,Expired
314,9864937621785592,MasterCard,870,2031-08-07,37106.18,Expired
718,9165730222162537,American Express,4796,2031-09-05,29115.99,Inactive
811,1371772202379253,Visa,505,2030-07-29,32255.91,Active
126,7407145846541830,Discover,142,2029-03-15,3512.81,Inactive
364,2855801156842536,MasterCard,715,2029-11-29,22015.35,Inactive
813,7857753988159961,American Express,4744,2027-03-14,33839.6,Active
752,2389399411552068,Visa,835,2027-01-27,45077.68,Active
572,8849903602574271,MasterCard,813,2030-08-21,41396.11,Blocked
999,7584491004888256,American Express,9739,2028-10-05,2089.41,Expired
384,6085706830375326,Discover,505,2031-09-06,9450.06,Expired
786,6407978062645341,American Express,5222,2029-10-24,49677.54,Blocked
669,8223931761309109,Visa,179,2031-02-18,48873.37,Blocked
692,3037634780308759,MasterCard,673,2026-02-19,13344.96,Active
274,4847532653718382,American Express,1413,2028-01-12,18317.96,Expired
539,1723186227398735,Discover,461,2026-08-19,6821.23,Blocked
246,7369287424048035,American Express,1267,2027-04-13,10881.55,Inactive
427,4770510268374114,Discover,297,2029-11-12,22318.69,Inactive
833,5287927516156116,MasterCard,451,2028-08-26,47460.9,Blocked
799,2643472829778664,Visa,778,2030-02-25,45644.37,Blocked
658,6557252756943305,American Express,8795,2030-10-04,11986.1,Inactive
121,1935599926482085,Discover,977,2029-04-27,31299.45,Blocked
555,9290843650418938,American Express,8327,2027-09-16,36949.81,Active
552,7716690824492740,American Express,4195,2031-05-18,36422.08,Inactive
654,7553531444131452,Visa,880,2031-12-28,40934.56,Inactive
813,5961840504371369,Visa,861,2026-05-24,35661.71,Active
846,3472277647743921,MasterCard,200,2026-09-26,16354.39,Expired
686,4745762778172053,MasterCard,916,2031-01-22,26523.94,Expired
393,4416500174054862,Discover,713,2031-06-13,48418.49,Active
743,1812915154580937,Discover,337,2026-09-19,41627.07,Expired
136,2282888980384387,American Express,9453,2029-04-24,47235.33,Active
334,9886260779123842,Visa,704,2030-12-24,21447.24,Blocked
939,9623080088206737,MasterCard,463,2030-09-20,14142.69,Expired
108,0282018208105790,Discover,942,2031-09-06,20946.95,Blocked
162,4339833786194241,American Express,6791,2031-01-17,41628.65,Blocked
961,6704901988159622,Discover,769,2026-08-18,9483.82,Blocked
576,1182176059899422,Visa,741,2026-07-15,13230.82,Active
584,4684165368923291,Discover,557,2027-01-11,14378.85,Blocked
843,2423006513101860,MasterCard,429,2026-11-08,34072.61,Expired
405,6328854541636931,Discover,338,2026-11-14,21807.57,Active
727,8272794111718106,MasterCard,293,2028-09-14,4965.1,Blocked
782,2425889276496149,Discover,246,2030-08-20,5255.03,Inactive
846,3516904727438493,American Express,2459,2026-03-14,33812.14,Blocked
920,2002784082779446,American Express,6729,2026-06-07,26638.63,Inactive
389,0643997910369637,American Express,8382,2028-10-30,45489.39,Inactive
590,9840331916220661,MasterCard,701,2031-09-05,13797.41,Expired
14,3184105536117738,Visa,851,2029-05-14,44749.34,Expired
475,1086813548483698,American Express,1702,2028-12-07,29613.46,Expired
743,0747953200541287,American Express,6582,2028-04-01,14840.93,Inactive
901,9221223966775308,Visa,907,2027-09-25,10841.67,Blocked
565,9807563785556409,MasterCard,384,2030-05-17,9127.28,Expired
184,8970223825700174,Visa,205,2026-11-21,45606.5,Blocked
887,1007179584211463,Discover,454,2026-05-07,23663.65,Blocked
952,4009000685860562,MasterCard,622,2028-06-22,2314.58,Blocked
499,5647021541542238,Discover,954,2032-02-16,23169.91,Inactive
856,7402348676616657,MasterCard,612,2028-08-26,21227.5,Blocked
456,8994030529509101,American Express,7962,2031-02-05,23788.16,Active
806,6198449019296580,Discover,501,2030-09-01,8935.33,Active
413,0376885855422673,Discover,612,2030-05-04,14256.16,Expired
303,8474402296297923,Visa,191,2029-07-22,46754.22,Blocked
481,8188655320525114,Discover,419,2026-10-22,20534.15,Blocked
425,8136025027707718,American Express,5910,2029-11-21,32542.5,Expired
594,5643629754871192,American Express,3722,2031-07-03,45835.73,Blocked
103,0848082782115796,American Express,5287,2029-09-30,31319.02,Expired
128,3408568950341002,MasterCard,889,2027-06-05,29638.43,Blocked
795,2451817479715744,Discover,800,2026-12-25,35920.27,Expired
909,7517016530274926,Visa,622,2026-12-25,23573.73,Blocked
726,9509550617464281,MasterCard,923,2027-08-17,11809.67,Inactive
216,9034473185480343,Visa,697,2031-04-12,19297.73,Expired
566,0750530767650293,Discover,719,2032-01-22,36790.96,Active
791,4354956740478821,Visa,998,2026-05-21,13150.56,Active
995,4034134590371901,MasterCard,187,2027-03-06,34878.62,Blocked
33,5576486625769629,MasterCard,177,2028-10-25,3475.61,Inactive
657,2195214848250659,Visa,876,2030-09-20,41479.75,Expired
587,3340187772742141,American Express,5156,2031-07-01,31482.45,Expired
863,8400264244496567,Discover,455,2029-04-21,46662.34,Blocked
355,6006278225727320,Visa,512,2032-01-04,44166.29,Expired
963,7021861660278428,MasterCard,365,2029-05-12,35836.36,Inactive
851,6895439212850416,MasterCard,529,2031-11-25,25420.44,Active
695,9561647066862134,American Express,7112,2030-03-08,1459.7,Expired
986,4098002774303928,Discover,114,2029-11-22,16824.32,Blocked
936,8926214026570661,American Express,9182,2029-01-10,8007.77,Blocked
481,7817281749388483,American Express,1913,2030-09-03,20639.96,Inactive
95,9429240425994907,Discover,133,2028-01-16,13153.84,Expired
268,1422840484312222,MasterCard,954,2030-11-09,9600.87,Inactive
602,0550760771408956,Discover,894,2031-11-26,41209.32,Blocked
477,9487407267303241,American Express,4559,2029-03-04,32502.3,Active
828,3209069534792827,American Express,2968,2029-10-09,38583.17,Inactive
61,4080374949352628,Visa,133,2028-12-04,7038.6,Expired
705,5510697123861009,American Express,9683,2031-04-04,4648.16,Expired
774,6864623053445224,American Express,7253,2029-03-08,44926.97,Expired
985,8965743918287421,Visa,111,2029-04-14,12014.08,Inactive
630,1637756840917567,Visa,439,2029-04-25,13533.92,Active
683,5739954361075165,American Express,2814,2030-12-22,18198.91,Active
463,2835693577221286,MasterCard,312,2031-10-02,25528.56,Expired
746,3343731339677530,Visa,675,2031-06-17,33000.54,Expired
732,5157875505904548,Discover,731,2030-11-20,6493.27,Inactive
778,3834900103130608,Visa,671,2030-12-19,3561.08,Inactive
675,8884161683848167,American Express,9275,2026-05-04,47605.52,Active
714,2223901966254234,Discover,992,2028-11-23,7834.44,Expired
836,7294181605628682,American Express,5327,2026-08-09,15753.27,Blocked
897,1259373810466517,MasterCard,464,2028-07-26,43570.07,Blocked
40,4552944223223849,MasterCard,372,2026-06-01,24471.44,Inactive
916,4606831484666357,Visa,139,2029-07-13,1301.66,Expired
33,4888283495504118,MasterCard,469,2030-08-05,12810.23,Blocked
7,2878766259965919,MasterCard,280,2027-02-19,34225.78,Blocked
850,2763890720533111,American Express,8404,2030-09-30,32973.39,Blocked
520,1077231983266416,Discover,277,2029-12-19,49324.89,Expired
919,3143844932306502,MasterCard,395,2031-12-07,12099.33,Active
492,3102744956610135,American Express,6171,2031-09-10,49742.01,Active
319,9485393946468720,American Express,4232,2030-03-26,8710.82,Active
220,6582644658668301,MasterCard,673,2029-02-15,17103.12,Active
991,7334898281609887,Visa,107,2030-05-13,43957.15,Active
389,2911894511660265,Discover,274,2028-03-26,48991.08,Blocked
516,5081813460607692,Visa,541,2029-06-16,10198.3,Active
431,9529947901704747,Discover,677,2030-11-19,19954.45,Active
340,2860357241851829,MasterCard,656,2026-11-16,42504.56,Expired
497,8696640551960266,Discover,827,2031-10-02,45862.59,Blocked
95,6310112229753409,Discover,691,2031-04-29,26664.26,Blocked
842,1696313875872966,American Express,9454,2028-08-13,43450.28,Inactive
393,6712923457001418,MasterCard,232,2027-07-03,40813.97,Inactive
885,3445621783937662,MasterCard,691,2027-08-09,45002.08,Expired
476,2020398461564422,Visa,725,2031-02-26,17952.5,Blocked
100,7792762598532030,Visa,540,2031-04-15,28705.84,Blocked
98,2831523936147693,Discover,696,2030-02-08,45623.9,Blocked
993,0912410017768783,Discover,181,2026-11-09,25027.47,Expired
638,9632813964845447,MasterCard,262,2031-08-25,28962.37,Expired
576,1838173580185564,MasterCard,343,2031-05-09,20219.9,Blocked
989,0426500922329873,Discover,469,2027-11-27,36770.89,Inactive
334,2534124741761162,Discover,797,2030-10-11,33474.51,Expired
897,2856886837851687,American Express,9719,2030-12-06,31474.67,Expired
683,9617518545908524,MasterCard,289,2030-06-02,24513.59,Active
427,7911212436618620,American Express,1943,2030-08-04,40139.73,Blocked
708,9717959465747972,Visa,793,2031-03-31,40034.03,Expired
845,5508239430010570,American Express,5363,2028-09-14,15125.65,Active
438,1722036836450318,Discover,502,2032-01-12,43779.04,Expired
444,2747496366269077,Discover,622,2031-02-21,4833.31,Expired
834,0381801976383093,Discover,288,2027-11-12,3273.91,Active
579,3698764123776242,Visa,881,2029-04-14,6342.32,Expired
522,2407221659659208,MasterCard,758,2031-09-13,29088.75,Blocked
269,6480918472846085,American Express,5105,2030-12-16,37610.13,Expired
240,9664263424877362,American Express,1126,2029-02-08,29161.6,Expired
587,4918117518301113,American Express,8893,2028-01-10,8896.18,Expired
773,9794020452936845,Visa,987,2031-06-15,7075.51,Blocked
993,4302160034839252,MasterCard,595,2031-03-19,40741.39,Active
737,4130828832624080,Discover,175,2028-06-15,17524.98,Expired
883,0027458159752789,Visa,668,2031-10-30,25262.12,Blocked
729,8914633850281683,MasterCard,159,2029-12-31,26661.25,Expired
618,6006464609634084,Discover,117,2029-04-30,34692.97,Expired
341,0672275727427563,Discover,104,2029-10-23,22426.66,Inactive
391,3587792683146994,American Express,7240,2029-12-02,4331.05,Expired
740,0362060374602765,American Express,1801,2027-01-03,27966.43,Blocked
3,4352749506066134,Visa,850,2031-01-20,35527.57,Blocked
394,8606342098997008,American Express,9516,2027-06-01,3367.97,Active
656,5297522143276575,American Express,8705,2027-03-06,30749.53,Expired
827,9329009853562430,Visa,562,2027-12-03,48259.4,Blocked
922,9223853983158435,American Express,1976,2026-07-28,35539.56,Inactive
39,0330329783153215,Visa,399,2030-09-17,14736.23,Blocked
308,6470636898274968,MasterCard,501,2026-03-23,11683.96,Expired
936,6613544696059053,Discover,404,2030-01-09,29410.97,Active
22,9289725505980348,Discover,246,2030-12-06,31027.91,Active
582,8791252889533873,Discover,564,2031-09-07,41333.63,Active
253,8649830644917655,Discover,675,2028-11-06,17845.89,Blocked
477,3749247076607286,Visa,471,2029-12-10,42835.91,Active
911,5160656981471571,American Express,7057,2029-05-28,26757.48,Expired
419,9332665738643414,Discover,974,2029-04-20,42188.91,Active
57,2782043475261087,Visa,547,2031-05-01,42274.94,Expired
970,4268318178367580,Visa,670,2032-01-28,2559.43,Expired
488,6357110835082875,Discover,208,2028-12-02,38839.77,Blocked
251,8398046289649383,American Express,5727,2026-11-07,18969.43,Active
744,0561216239487114,Discover,306,2028-01-25,12628.15,Expired
778,0909294321762341,American Express,6481,2030-02-25,16283.83,Active
277,6249801081336823,American Express,7503,2031-04-11,28447.21,Inactive
806,2548645262856269,American Express,1424,2027-11-22,49139.82,Blocked
349,3877528315799421,Visa,434,2029-11-14,48572.43,Expired
140,2360405515895953,Visa,398,2026-10-14,49515.27,Expired
36,4008879560219213,Discover,848,2026-03-26,48055.31,Blocked
237,6030030214892298,MasterCard,777,2027-08-06,36200.21,Inactive
11,8587733522767504,Visa,824,2027-11-25,12790.35,Inactive
797,4952048995199037,Discover,161,2031-10-15,21946.23,Active
109,0482428614278353,American Express,4380,2030-07-18,8224.89,Expired
479,3742006651633408,Visa,849,2026-12-10,35459.58,Inactive
692,9719677039679666,American Express,9093,2030-02-19,38481.53,Inactive
485,8934620418504621,MasterCard,832,2030-05-06,15677.52,Active
766,1414518059301024,American Express,2072,2028-09-06,14745.79,Inactive
831,0633081700493509,MasterCard,607,2026-10-28,18625.16,Blocked
9,9890784179927409,MasterCard,414,2031-02-14,1428.97,Active
130,2249190627418436,Visa,192,2030-04-11,37642.08,Blocked
831,6243469617380667,American Express,1939,2031-04-03,17976.97,Active
885,8776436179738913,Discover,511,2029-01-21,27097.46,Active
913,1867463042310837,Visa,750,2026-12-19,33507.95,Expired
713,3629510715826734,MasterCard,574,2028-10-26,7012.29,Active
53,7402365493330941,MasterCard,993,2030-10-30,49766.53,Expired
634,9257821585595327,MasterCard,770,2029-04-29,12762.91,Blocked
375,0954642692195561,Visa,709,2027-06-16,9598.22,Blocked
396,9168871922922789,Visa,282,2027-06-12,23636.28,Inactive
701,4957524672678600,Visa,385,2027-01-21,3761.04,Active
538,7510003407615069,Visa,209,2027-10-24,19238.27,Blocked
840,7728076063489261,American Express,3940,2026-07-17,24300.26,Expired
815,4445209448602059,American Express,3783,2030-09-18,17378.54,Inactive
773,9510783260175213,MasterCard,709,2027-06-06,18810.15,Inactive
86,2482504936305696,American Express,4510,2026-08-01,37155.87,Inactive
642,2143198886907798,Discover,851,2028-05-17,35103.11,Active
984,1102536450377633,MasterCard,278,2027-03-27,31192.81,Inactive
107,3953924342321229,Discover,648,2029-11-09,34757.74,Expired
624,0741002780091506,Discover,983,2028-08-18,29305.23,Inactive
250,6851027379735717,MasterCard,859,2028-11-18,42285.84,Inactive
74,0634250637443771,American Express,4209,2028-07-22,25685.82,Active
413,4278369467835281,MasterCard,981,2031-10-09,21099.08,Inactive
231,4302626864183005,MasterCard,853,2027-11-13,46352.37,Inactive
757,6583105982194065,American Express,2082,2027-06-14,23142.73,Blocked
851,1421056896260798,Visa,647,2031-01-18,29164.02,Blocked
99,2224391869905232,MasterCard,568,2031-02-14,47225.08,Inactive
578,1322534160827243,American Express,1242,2028-04-19,8953.38,Active
208,2285258249449561,MasterCard,413,2027-04-12,7847.25,Blocked
920,2398356191801729,MasterCard,478,2028-05-31,3421.65,Active
496,6455390558142400,MasterCard,424,2028-08-24,9887.75,Expired
940,9382699124010278,American Express,9696,2031-03-15,29587.47,Active
33,5605506812612095,Discover,793,2026-04-26,23267.81,Inactive
828,0076939735893604,American Express,6730,2026-07-07,35083.92,Expired
134,5820044008812181,MasterCard,591,2031-10-03,37830.33,Blocked
337,6477731587207266,Visa,772,2030-04-08,6621.75,Inactive
672,9018227672263066,American Express,2755,2029-06-06,37327.35,Blocked
692,0714923233104684,Visa,848,2028-01-15,18338.24,Active
804,3048061885616897,Discover,128,2029-07-24,33911.46,Inactive
914,4171116091678534,Discover,505,2026-05-26,4458.55,Inactive
56,0119283676286211,MasterCard,575,2029-09-23,27538.73,Expired
880,2969135184051936,American Express,6169,2032-01-26,48660.41,Blocked
427,8042272979367039,Visa,396,2031-03-02,21897.7,Blocked
37,5357424112138564,American Express,4632,2027-11-06,20266.03,Inactive
468,5593612673664367,MasterCard,804,2029-03-27,10901.58,Expired
803,6353014656806465,MasterCard,635,2030-10-16,25760.24,Inactive
298,4111524281554019,American Express,4921,2030-02-24,4453.11,Active
70,5037101095199564,MasterCard,333,2031-08-17,8410.76,Expired
304,7010516395101450,Visa,941,2030-05-04,46097.54,Inactive
292,4416163198521072,Visa,473,2030-05-27,46545.12,Expired
783,5128054374021214,Discover,243,2031-04-09,43710.86,Active
195,1759767446512178,American Express,4081,2027-07-26,5485.32,Blocked
483,1942430095907339,Visa,771,2027-12-23,6764.6,Blocked
470,1152023940582505,American Express,5151,2032-01-22,37335.72,Inactive
439,8541850505062031,Discover,233,2028-05-16,23267.15,Active
913,4098346106336792,Discover,466,2032-01-25,7798.47,Expired
212,0476253928849688,American Express,8890,2028-12-05,13855.22,Expired
46,3320064063991051,Discover,971,2029-06-22,22179.55,Active
369,6977131115966631,American Express,9074,2029-09-26,7513.38,Expired
666,9141647180748178,Visa,625,2028-01-14,48441.67,Expired
281,7391296098431033,Discover,704,2026-07-30,13018.48,Active
304,7167066448134736,Visa,653,2028-03-21,33649.5,Inactive
685,8309643594486391,American Express,3094,2030-06-15,43746.19,Active
744,6312891424542229,Visa,435,2031-03-02,24059.05,Blocked
523,7167132012864766,Discover,746,2026-10-14,35117.2,Expired
890,9244208180911126,Discover,836,2028-10-01,3401.92,Active
164,1299375336968069,Discover,196,2027-03-11,15877.17,Blocked
962,2488328374666913,Visa,590,2030-12-08,12978.46,Blocked
900,2882040881424809,Visa,876,2031-07-11,40420.38,Expired
371,8349345238436734,American Express,5648,2027-09-26,16739.56,Inactive
6,3738009204456617,Discover,829,2031-03-29,14609.18,Inactive
653,1546063990018248,American Express,8206,2026-08-29,1489.44,Active
548,8006092245627377,Discover,846,2026-09-29,18290.36,Inactive
608,5924023681497574,American Express,2191,2030-12-28,46668.4,Inactive
732,8272079060604327,American Express,6899,2029-10-04,5941.28,Expired
62,7580022220910048,MasterCard,950,2027-12-18,1343.06,Active
514,6325380424618305,MasterCard,503,2027-01-30,35413.81,Active
633,8404637614167082,Visa,475,2031-06-14,21239.45,Expired
615,3007008747340027,MasterCard,732,2032-01-21,47676.48,Blocked
416,5932013831233103,Visa,209,2031-11-09,6182.41,Active
721,2038935870292293,Discover,977,2026-03-29,47818.83,Expired
916,6315385998621621,MasterCard,483,2026-04-11,41589.46,Inactive
186,3775871181226256,MasterCard,224,2028-01-01,8792.68,Expired
36,4430703330254601,Discover,510,2029-12-27,6843.78,Active
662,5158573838191413,MasterCard,165,2027-04-22,9771.12,Expired
185,9096820571527934,Visa,563,2031-06-24,34825.64,Expired
367,2634114294900386,MasterCard,551,2028-02-28,9342.47,Active
783,2265290701113997,MasterCard,519,2026-06-23,40679.24,Expired
366,2394413970030238,American Express,2564,2026-02-27,33816.05,Expired
322,6049205555508974,MasterCard,259,2026-03-04,32502.21,Inactive
485,2018296061838170,MasterCard,278,2031-06-18,7303.01,Blocked
60,8950281911895093,MasterCard,787,2029-07-26,9872.54,Expired
811,4952302598445865,American Express,5642,2031-12-02,30823.11,Expired
98,1691895897278784,MasterCard,272,2029-05-05,9006.28,Inactive
482,8211591341477002,MasterCard,551,2027-08-30,23263.29,Expired
740,8227664381911525,MasterCard,598,2030-07-11,49284.0,Active
970,3156031290085624,Discover,202,2030-01-29,44068.28,Expired
980,9508932788956512,American Express,3769,2028-07-04,11812.2,Blocked
680,2520413447345687,MasterCard,220,2028-07-08,9404.03,Inactive
431,2319981840866357,Visa,713,2030-05-27,20776.84,Blocked
451,3035927443500496,Discover,335,2027-11-16,19020.97,Inactive
56,0650499837657676,American Express,1636,2026-09-16,15329.0,Expired
794,4848737401801502,MasterCard,863,2030-05-21,23985.02,Active
516,3816875433404482,Discover,933,2029-05-23,49808.42,Active
727,5429109659902123,Discover,568,2030-07-02,12111.7,Inactive
665,6902966686490500,Visa,932,2027-12-09,14807.83,Blocked
387,2248007586675208,MasterCard,733,2032-01-06,14961.62,Expired
374,0408703294277686,Discover,205,2029-06-13,29650.92,Inactive
726,0535419481033602,Discover,853,2028-07-23,18331.87,Inactive
179,4981006384816993,Discover,187,2031-03-25,15149.06,Expired
721,3236687070552129,Discover,288,2027-06-28,2917.58,Expired
81,3813658932242137,MasterCard,259,2028-12-19,48476.0,Inactive
335,1013918015924141,MasterCard,645,2027-02-12,12101.88,Blocked
550,4603934725937125,Discover,550,2026-02-23,2024.59,Inactive
772,3049140932807740,MasterCard,421,2026-05-13,46593.07,Blocked
692,4625231937823474,Discover,612,2028-02-07,33188.39,Active
972,0504640986160335,Discover,598,2029-10-26,35417.6,Active
495,9515989113382934,Discover,402,2031-03-04,8508.75,Expired
244,8526810453031567,American Express,6988,2026-06-08,8796.35,Blocked
8,8427114145006678,Discover,822,2030-02-09,25414.1,Expired
49,3605365199878486,Discover,924,2030-08-04,13122.05,Expired
149,0279377197648133,Visa,781,2031-01-09,37841.83,Inactive
932,9615335493551618,MasterCard,986,2030-03-20,44580.35,Expired
340,3304496683494243,MasterCard,848,2031-06-08,27683.54,Active
509,1612151011816183,Visa,656,2030-07-16,19334.27,Inactive
926,5184086268012106,American Express,1320,2028-03-31,27372.99,Active
127,6916049313586994,Discover,820,2027-05-17,3221.02,Expired
174,3187457852487735,Discover,966,2028-12-23,44143.19,Active
935,6117724956928947,Visa,216,2029-04-18,45469.19,Active
22,0530041365611475,American Express,8144,2029-10-22,23441.44,Inactive
642,6358274908936196,MasterCard,767,2027-12-21,13372.17,Expired
93,7024148696650123,Discover,483,2029-12-21,39957.3,Active
481,2945505396291420,MasterCard,332,2031-03-24,4290.55,Inactive
702,2601440781356859,Discover,682,2031-09-16,35708.45,Active
835,7472599780027700,Discover,873,2029-11-23,32816.46,Active
351,9033034454428216,Discover,454,2030-04-01,6142.72,Active
920,6876173801759739,Discover,616,2029-04-17,41553.5,Inactive
646,7968689333852996,MasterCard,391,2027-04-26,43076.94,Inactive
430,0853262533158671,Visa,229,2029-05-18,29639.11,Blocked
952,1880536079013462,MasterCard,460,2029-08-26,7787.92,Blocked
461,6954969889743997,MasterCard,498,2028-07-29,20949.23,Active
893,6488731996497575,MasterCard,938,2030-01-06,20848.45,Active
409,4642297698836205,Visa,392,2031-06-13,40588.16,Inactive
19,8939946537585611,American Express,3505,2029-05-26,17509.63,Blocked
642,1440809367848885,Visa,343,2030-05-16,10683.37,Active
474,5432473406524409,Discover,752,2028-05-20,18873.23,Blocked
762,4981147875527490,Visa,301,2029-09-08,4011.94,Active
166,4471437308695860,MasterCard,608,2029-07-20,16153.32,Inactive
930,6490360025204073,Discover,821,2029-06-30,34011.1,Inactive
104,0704025855383820,Discover,338,2027-05-26,5537.22,Expired
995,9595664526859142,Visa,106,2029-04-17,15875.38,Inactive
347,6281105973891206,Visa,891,2029-11-05,17943.41,Active
818,7415562100626804,MasterCard,332,2031-10-20,38606.99,Inactive
586,3719782199977277,Visa,605,2030-01-03,14145.69,Inactive
483,7267534852128625,Visa,134,2029-10-14,48694.63,Active
57,3782763068724242,Visa,911,2026-06-26,28404.45,Expired
885,0170661340828882,Visa,376,2026-11-21,14687.59,Blocked
265,8730499157416603,MasterCard,863,2029-09-14,42092.41,Blocked
872,4821857224407700,American Express,4860,2028-03-16,39847.76,Inactive
604,4008816282493827,Discover,786,2029-09-12,34148.34,Blocked
356,5098360398631181,Visa,911,2030-05-22,9814.84,Expired
16,3033902052175495,MasterCard,718,2028-10-13,28318.25,Active
527,6602913456263023,MasterCard,866,2027-12-27,38861.3,Inactive
24,7157393798703535,MasterCard,868,2026-02-24,27255.31,Expired
937,4572709983032065,MasterCard,932,2029-06-10,42751.15,Expired
118,6061915492718079,American Express,6941,2030-03-11,49729.68,Expired
843,2449282329189422,MasterCard,431,2028-09-19,5416.03,Inactive
786,2611694122371940,MasterCard,849,2028-03-27,21917.08,Active
514,8296237972543358,American Express,6142,2030-07-21,39196.77,Active
136,9747108040033689,Visa,214,2026-03-19,4209.94,Blocked
955,0804021162977102,American Express,2468,2027-01-10,48110.61,Active
696,3976110854195129,Discover,104,2030-01-11,40199.22,Active
515,7826221797676550,Visa,353,2027-04-23,49097.16,Active
709,5667367759057719,Visa,163,2028-08-03,37048.51,Expired
555,4868814494996056,MasterCard,313,2029-11-21,21520.12,Expired
915,4229623184722848,MasterCard,323,2031-10-18,32904.53,Expired
178,5216093876762641,Discover,731,2026-03-11,48862.02,Inactive
602,6589503396189333,MasterCard,835,2029-01-14,10682.87,Expired
614,4416416402355657,MasterCard,687,2031-05-18,22205.89,Active
22,4946523673920766,Discover,230,2029-02-08,18694.1,Blocked
237,2655138856451720,American Express,5682,2032-01-15,32458.1,Blocked
578,9155542838350317,Discover,699,2026-08-23,41776.7,Expired
382,2335080123827920,Visa,742,2031-06-10,13871.16,Blocked
583,3519051118458343,American Express,7906,2029-12-11,43616.25,Active
719,9041638714355325,American Express,7120,2028-03-11,42996.59,Expired
645,0174946244262380,Visa,131,2030-02-16,21092.37,Expired
988,7716681189575393,MasterCard,477,2029-03-22,35811.75,Active
743,8620930874260912,Discover,382,2027-02-03,49872.94,Blocked
402,7955150331033207,MasterCard,627,2026-04-15,17310.71,Inactive
779,9159927743629430,Discover,692,2026-04-05,47355.24,Inactive
255,7612426272686755,American Express,6023,2031-09-22,28087.33,Inactive
103,5707727632420720,MasterCard,922,2030-01-22,7335.06,Inactive
595,2261288031656281,American Express,5856,2031-11-30,26417.3,Blocked
364,6681783900318138,American Express,9916,2028-09-06,20000.78,Active
117,5976708018163824,MasterCard,137,2030-02-15,33970.33,Expired
745,8763009482539850,MasterCard,309,2026-09-19,24690.99,Expired
814,3880965197105541,MasterCard,399,2027-07-29,39815.24,Inactive
566,2711933989657298,Discover,138,2028-12-31,24091.62,Blocked
218,0051335297896920,Discover,435,2027-12-01,38966.93,Inactive
56,1466783783064212,American Express,6234,2030-05-27,36387.63,Blocked
486,3567871580553625,American Express,8913,2028-11-28,2283.87,Blocked
910,7141332260326157,American Express,4935,2031-02-09,14324.6,Expired
64,3368855795429009,Discover,231,2031-09-12,41618.1,Blocked
635,5396554211959921,MasterCard,970,2031-12-24,46896.39,Active
235,4308416046020763,American Express,5624,2029-09-17,31405.55,Expired
16,7306827221770432,MasterCard,523,2030-07-07,41037.98,Blocked
862,8360306229509302,Discover,891,2027-01-16,17725.44,Active
973,2417451765788072,Discover,727,2027-06-12,18087.92,Active
765,6014387813203970,MasterCard,227,2031-04-10,16455.53,Blocked
575,8684349436168344,Visa,717,2029-08-08,7136.96,Inactive
973,4689980117182562,Discover,299,2026-06-24,38734.34,Active
704,9676112152043835,Visa,684,2032-02-10,26891.04,Inactive
118,0499379963673884,Visa,372,2031-04-23,14392.76,Inactive
344,2644523666321765,Visa,512,2026-06-03,18981.37,Blocked
264,6045919787276792,Discover,645,2027-12-11,34761.7,Inactive
868,9140040934243108,American Express,9598,2031-03-18,6892.17,Inactive
986,1253194774446377,MasterCard,482,2031-10-18,31928.83,Blocked
841,4666522492802652,Visa,750,2027-09-12,6355.94,Expired
182,6951327700777736,MasterCard,611,2029-05-04,46946.27,Inactive
804,5504609794113330,Discover,142,2032-02-17,4811.69,Blocked
21,6140307845403490,Visa,320,2027-01-18,20355.2,Expired
808,2401581293343528,Discover,977,2027-06-22,46826.44,Expired
5,3693272826665430,MasterCard,961,2028-07-08,1219.1,Active
593,8725045151381026,American Express,9441,2029-12-07,40877.7,Blocked
785,2992417827705122,MasterCard,849,2026-09-09,32200.49,Inactive
889,5466108641377163,Visa,139,2030-02-07,32913.11,Blocked
135,8773270196305021,MasterCard,978,2029-04-08,23254.24,Active
936,1838549720489722,MasterCard,978,2030-07-10,11885.82,Blocked
311,4870235775354165,MasterCard,728,2030-10-09,10207.84,Active
648,8600758193970344,American Express,1394,2027-10-31,4873.71,Blocked
971,2162409280223590,Discover,787,2030-12-24,30739.08,Blocked
669,8875834783402086,Discover,139,2026-10-10,14884.32,Blocked
547,4929848836867976,American Express,1074,2031-01-15,12093.91,Active
363,0257491584569736,Discover,998,2027-12-06,25024.41,Expired
468,6347609525575604,Discover,578,2029-06-27,28838.86,Blocked
118,8265717656062482,Discover,895,2030-04-12,29624.15,Blocked
933,4830443320375023,Visa,583,2027-10-27,30768.17,Blocked
167,4138933187002008,Visa,953,2027-02-02,22051.33,Inactive
864,4425354745373283,MasterCard,283,2027-05-25,1926.01,Blocked
834,4671279880545162,MasterCard,820,2030-05-17,4143.7,Blocked
639,9054951961403387,Discover,176,2029-12-28,20053.28,Expired
733,3515118567640200,MasterCard,893,2031-10-12,43672.13,Inactive
261,1818572803572476,American Express,7797,2031-12-17,22725.95,Expired
931,8072396058986449,Visa,965,2030-05-30,40890.05,Inactive
27,1661331072118393,American Express,8749,2031-05-20,23898.33,Inactive
853,5616327880802158,American Express,2706,2027-08-30,6905.84,Blocked
423,5652059030444256,American Express,8643,2029-05-10,22585.71,Blocked
239,4457217911074557,American Express,2860,2031-09-08,45795.74,Expired
124,0467473686168726,American Express,4684,2027-12-16,45570.8,Expired
777,2178461218586469,Visa,487,2031-03-03,34041.04,Inactive
545,6191669630792972,MasterCard,421,2031-08-05,26113.66,Active
207,1628354322394987,MasterCard,407,2028-04-07,31386.29,Inactive
81,7271358383489412,Discover,420,2031-03-27,41051.65,Blocked
846,6187203095709723,Visa,888,2031-02-18,2327.86,Expired
197,0933092095305545,Discover,780,2030-04-26,46517.64,Active
1002,0425237007884349,MasterCard,210,2030-12-10,41813.31,Active
53,4546476498558023,American Express,4067,2029-09-04,48111.07,Inactive
721,1481310372306005,MasterCard,801,2029-07-25,6010.98,Blocked
682,9846358563546499,American Express,9362,2029-07-12,10713.5,Expired
343,1247024302910284,Visa,523,2030-11-18,1801.04,Inactive
69,1955782223229127,American Express,3506,2032-02-17,11430.83,Expired
169,6316141585201851,American Express,8764,2028-05-14,16825.74,Expired
835,7887725766355558,Visa,380,2031-07-19,39870.42,Blocked
19,0449327703012678,American Express,7993,2031-06-24,34154.16,Inactive
61,2595183215471311,Visa,259,2029-03-22,34563.22,Active
777,2783475422692332,Visa,781,2027-09-25,8577.1,Active
72,5631490416397376,Discover,466,2027-02-09,25272.4,Inactive
759,9224454014854888,MasterCard,968,2031-03-20,36565.81,Expired
411,3231684891025581,American Express,7102,2030-05-10,43053.14,Active
460,5554039918330057,Visa,747,2031-01-17,31298.33,Blocked
854,4268909267088667,MasterCard,892,2030-01-19,2831.02,Expired
793,1035116220598038,American Express,6833,2032-01-06,35472.67,Expired
879,6308357483613179,Discover,663,2030-06-26,5816.96,Inactive
282,0017385042544721,MasterCard,680,2031-05-25,41689.5,Active
122,9271440859051585,Visa,101,2029-01-13,34864.7,Blocked
893,2554331568354217,MasterCard,942,2028-07-17,42205.24,Active
562,2277186503911171,Discover,458,2027-02-21,37589.14,Blocked
288,4151613930895148,Visa,291,2030-06-02,24284.44,Expired
328,9744244105389159,MasterCard,997,2027-07-04,38004.49,Blocked
738,5714452546634431,American Express,2372,2029-08-27,35436.39,Active
398,7093473741465739,Discover,223,2030-01-31,29748.88,Blocked
303,5041652854643112,American Express,8509,2028-12-07,42687.36,Expired
217,6676467058103487,Discover,950,2031-12-06,1413.93,Expired
458,1813881298164845,MasterCard,583,2026-05-18,19105.8,Expired
751,2764518717973572,MasterCard,129,2029-10-31,19622.24,Active
481,4017664675300686,American Express,5706,2028-01-15,19449.85,Active
957,7769112306592611,Discover,833,2027-03-01,48628.19,Expired
198,1631918089491308,MasterCard,442,2027-09-18,24070.12,Blocked
505,7064698223414650,Visa,316,2029-10-23,23123.55,Active
26,5272717742073015,Visa,714,2027-05-05,19563.53,Inactive
479,6844191261367490,Discover,449,2029-02-13,23487.08,Expired
494,2996872589673469,Discover,814,2028-04-12,36744.3,Expired
294,1415207517866395,Discover,589,2030-02-06,6194.25,Blocked
105,0150093281587428,Visa,437,2031-03-07,14047.95,Blocked
997,1148608971443048,Visa,903,2031-10-17,15631.76,Inactive
25,4053443178017183,American Express,6093,2028-12-10,42289.42,Expired
862,8820010255496976,MasterCard,156,2029-12-18,26176.39,Expired
758,6847561750915536,American Express,4109,2026-06-15,30278.48,Active
892,1720249516745363,American Express,7584,2028-07-03,3643.66,Active
117,3549392307418965,American Express,2625,2030-07-24,13560.94,Expired
453,6415116852704679,American Express,8596,2030-06-16,13145.47,Blocked
968,4417320306968888,Discover,473,2031-11-17,8314.48,Active
859,8134432949307577,Visa,821,2029-11-30,34224.63,Active
218,8577868634526846,MasterCard,793,2026-08-09,17159.88,Inactive
777,7704868493052587,MasterCard,940,2030-05-04,41707.72,Inactive
578,6905525418099850,Visa,527,2029-06-21,17489.61,Inactive
667,4455279305933247,Discover,310,2026-06-04,27029.22,Active
115,9552207478953428,American Express,4154,2032-01-09,8080.08,Blocked
251,5231227008790533,Discover,611,2028-10-30,41231.91,Expired
64,8753255449830869,Visa,268,2028-05-13,28603.35,Inactive
532,3220198869337272,MasterCard,774,2030-02-14,34070.5,Blocked
713,1280891201060841,MasterCard,721,2026-06-02,38835.97,Active
679,1795638630456611,American Express,9875,2028-04-18,30251.88,Inactive
339,7983367477708083,MasterCard,804,2030-02-10,33139.07,Blocked
351,5493252296126953,American Express,1274,2026-07-25,47001.48,Expired
375,4517384050642289,MasterCard,543,2029-11-25,24045.81,Active
893,0608751592265287,Visa,491,2028-01-16,15276.94,Expired
89,7111351197418533,American Express,1274,2030-09-16,32252.91,Blocked
212,4310020299384431,Discover,663,2027-12-20,39066.82,Active
826,3867976121923199,Visa,273,2028-10-13,41989.79,Expired
456,4589983451959689,Discover,126,2031-09-14,1742.83,Inactive
411,1215767890715195,American Express,8162,2031-04-17,17083.56,Blocked
489,4953813021161615,Discover,790,2028-05-28,40366.36,Active
467,6459623193564518,Visa,752,2030-05-22,25071.94,Active
974,1154950116526504,MasterCard,712,2028-03-21,7388.08,Active
262,6817582945304688,MasterCard,806,2027-04-28,15262.37,Inactive
581,4958591535176009,Discover,984,2031-03-20,3907.95,Expired
736,3236917434752957,MasterCard,183,2031-12-08,6811.43,Active
630,5385069374279998,Visa,718,2030-09-26,33616.31,Expired
207,7283847993675018,Visa,493,2029-07-08,3560.63,Inactive
575,8636931805794919,Visa,178,2031-08-09,10259.1,Inactive
460,4949056697018227,MasterCard,445,2031-02-20,8149.96,Expired
791,9886813286072495,American Express,1356,2030-05-08,33100.62,Active
342,1730280693938303,Discover,916,2030-08-08,9045.05,Inactive
312,6268046764697120,Discover,824,2028-05-12,8856.39,Inactive
654,4486415119640199,Visa,279,2026-11-22,1864.66,Expired
181,1093231503946885,Visa,384,2026-11-01,49253.48,Blocked
793,2381830468081143,Discover,719,2028-03-04,35360.66,Active
749,0731793307693766,MasterCard,295,2031-04-14,14341.6,Active
106,0710690990666543,Visa,912,2031-12-12,15605.43,Active
254,7639633483371160,Discover,396,2030-10-19,24232.97,Expired
469,7862480769686782,American Express,3170,2031-09-20,5375.36,Expired
838,4363895973060019,Visa,591,2026-02-23,44853.23,Inactive
442,1123023966188626,American Express,8513,2027-07-08,47572.34,Active
18,7170995116322069,MasterCard,877,2027-01-28,42617.21,Inactive
805,6686374958494097,American Express,1495,2030-11-06,8206.52,Active
641,9880739948142533,American Express,8423,2028-01-12,43342.86,Expired
632,7907458589174416,Discover,653,2028-11-27,18391.6,Expired
765,2674100935356765,MasterCard,489,2028-12-22,1907.15,Blocked
116,1944557369052514,American Express,2262,2031-09-11,23358.45,Active
332,6849043342479760,American Express,3841,2029-12-20,37104.53,Active
207,2221980722807844,American Express,9885,2029-02-09,35817.7,Blocked
581,1826992955484915,American Express,6639,2030-11-19,40978.59,Blocked
316,6293238191788591,American Express,8223,2026-03-08,48727.02,Active
535,8693558449024440,Visa,938,2028-08-22,29339.22,Inactive
587,0856919693234303,Discover,665,2026-10-22,7301.74,Expired
126,1136219316795805,Discover,403,2027-11-10,4765.92,Active
492,7408858264553334,American Express,7829,2031-06-02,11796.49,Blocked
694,2001770083625299,Discover,187,2026-07-15,33390.02,Inactive
727,7454164147082154,Visa,539,2030-11-10,35267.75,Blocked
288,1674285042207547,Visa,812,2031-07-17,20483.75,Active
759,4000779030056274,Discover,693,2027-09-04,27113.25,Expired
212,8098311765883741,American Express,4044,2029-05-29,41199.42,Expired
484,4487557602195994,MasterCard,999,2030-09-20,49082.71,Active
109,1472442179495213,Discover,115,2029-02-10,19920.1,Active
295,5074435368385998,Visa,136,2026-09-12,12792.43,Expired
296,3666457732034421,MasterCard,294,2027-08-15,5157.57,Inactive
4,8187713562693713,Discover,496,2027-09-12,15662.74,Blocked
76,3413322231612457,MasterCard,317,2028-11-07,1947.73,Inactive
744,1100333942024886,MasterCard,720,2028-07-21,9906.98,Inactive
851,2334997896843894,American Express,3761,2026-07-15,7422.67,Blocked
115,8640727757554736,American Express,3356,2029-08-02,11852.97,Inactive
920,3449412843962083,Discover,528,2027-11-05,27512.98,Active
783,0003187820961000,American Express,4815,2028-05-03,41069.08,Active
267,4875886013683423,Visa,431,2030-07-29,12065.94,Blocked
344,7440265458974471,American Express,8847,2030-02-06,27813.79,Expired
854,9027388420384749,Discover,820,2027-01-28,31069.81,Active
48,8043883796181014,MasterCard,227,2026-03-01,35958.25,Expired
130,2904240180501531,Discover,704,2030-09-25,16676.79,Expired
346,1274235944356765,American Express,9614,2027-06-01,19735.72,Blocked
806,8770198581658233,MasterCard,491,2026-03-09,48370.35,Expired
614,6285371966203562,American Express,5069,2031-10-14,6514.29,Blocked
392,7015873556359985,MasterCard,518,2026-05-01,20866.44,Active
253,0623488341022807,Discover,772,2028-07-11,18536.29,Blocked
521,6293245062830645,Discover,445,2030-04-03,45097.02,Expired
6,0986942666453795,American Express,7061,2029-12-26,8071.21,Inactive
88,9820159253401805,MasterCard,341,2028-08-30,13351.12,Inactive
819,2291021558088468,Discover,244,2028-06-27,27489.81,Inactive
95,8345056955977414,American Express,1756,2030-05-10,39156.46,Expired
218,7129723950302797,Visa,342,2032-01-05,34493.22,Blocked
832,0020829874888645,Discover,718,2027-01-30,6660.91,Expired
728,6437935069246540,MasterCard,811,2030-07-01,28113.3,Active
997,4194857431013172,American Express,8419,2030-03-20,23343.37,Inactive
834,3849956597552260,Discover,689,2029-02-27,24293.74,Expired
820,8641836859030064,American Express,4060,2031-01-05,12865.02,Inactive
363,4719408131971084,American Express,4747,2031-06-25,27819.5,Inactive
865,9200678461964191,MasterCard,460,2026-03-12,2030.31,Active
148,4600810234757078,Visa,620,2027-04-09,41854.78,Blocked
932,6588794099103681,Visa,849,2028-05-22,41327.76,Active
777,7755736047951243,American Express,8948,2031-09-14,42816.24,Inactive
898,1480249814527570,Discover,439,2031-04-09,45703.84,Blocked
850,7648541725163673,American Express,8136,2026-08-14,48833.97,Expired
669,9878967850490774,Visa,894,2028-12-23,8573.81,Inactive
320,1324449968642012,Discover,226,2029-02-26,22867.53,Inactive
543,8554346281815318,MasterCard,133,2030-12-26,11728.94,Blocked
6,5805829411217052,American Express,7659,2027-04-24,31446.46,Expired
581,9691483929131642,Visa,630,2030-01-01,35077.47,Blocked
331,3767882890995496,Visa,611,2027-07-13,46283.66,Active
716,1741789072658236,Visa,281,2030-05-29,45004.73,Expired
913,8303314570557823,American Express,9525,2027-02-15,16661.3,Inactive
498,1943410827674664,MasterCard,269,2031-02-06,26338.98,Active
366,7102186023033842,Discover,526,2027-09-22,36388.59,Expired
919,3127953286082676,Visa,712,2027-03-10,24897.48,Active
435,2033979371311285,American Express,6715,2026-11-08,33968.67,Active
992,3501574115880882,American Express,4252,2028-05-21,33974.17,Active
28,7722758760208519,Visa,715,2030-07-12,46612.3,Active
125,2567771220851704,Visa,278,2030-06-03,15484.83,Active
684,9448985050380970,MasterCard,711,2031-09-27,33709.74,Inactive
773,8776078111924323,MasterCard,214,2030-08-22,2216.75,Expired
961,2067617692047718,Discover,556,2027-03-30,15592.77,Active
652,0864064178327364,Discover,425,2028-03-12,14349.59,Expired
798,3707063370486784,American Express,9498,2027-09-01,20856.95,Active
327,4148423366206489,Visa,594,2029-06-08,36902.25,Active
763,0896525223858315,American Express,9535,2030-06-06,48185.86,Blocked
814,7590626496260317,Visa,656,2026-11-04,21952.0,Inactive
900,5917935135801128,Discover,576,2030-07-08,45359.69,Inactive
906,9665042363382543,American Express,9878,2031-02-28,40755.54,Expired
933,6651823162241431,Discover,338,2031-08-29,44368.94,Expired
612,1660977332438984,Discover,688,2031-06-13,9093.5,Blocked
235,0041319676782646,Discover,591,2031-05-20,9630.75,Expired
91,8638229536318600,American Express,7914,2028-11-05,32977.34,Active
883,8586572369647569,American Express,7175,2031-08-10,46695.31,Expired
755,8677974322331044,Visa,966,2027-07-08,42897.68,Active
691,5155937507059490,Discover,927,2029-02-01,7444.44,Blocked
620,8533737513967563,Discover,762,2028-12-05,21262.08,Active
168,6152220761076160,Visa,814,2031-09-13,26147.86,Inactive
86,7015871639237622,American Express,3016,2026-02-20,47421.56,Expired
508,9557070350611055,American Express,3511,2027-04-06,21492.81,Active
220,7035896863790923,American Express,6103,2026-04-06,21210.75,Inactive
52,8816882288793028,American Express,1979,2027-12-12,48684.23,Expired
998,8066021952575285,Discover,765,2031-04-15,17459.68,Expired
517,1787720208165682,Visa,217,2031-02-14,1871.23,Active
846,2440740798386824,American Express,4836,2030-04-21,33691.94,Active
508,5179467131682303,Visa,751,2030-12-20,1619.08,Blocked
816,9129295453286889,MasterCard,559,2027-09-25,2856.34,Blocked
3,2902288648261298,American Express,8733,2027-07-04,46469.65,Active
229,1605261672202132,Discover,336,2027-01-07,46176.19,Inactive
627,3229730097106555,American Express,4707,2029-12-19,9391.63,Inactive
571,1448804163471211,Discover,898,2030-06-18,30911.49,Active
459,7036813756348426,Visa,873,2027-09-07,19766.17,Expired
318,1122770977993867,MasterCard,389,2028-08-18,16651.66,Active
320,1575076447886908,American Express,1960,2027-09-26,46783.96,Blocked
431,1176743625328977,Discover,683,2030-11-22,26246.74,Active
657,3784982754079104,American Express,9096,2028-09-19,20365.9,Expired
770,0628256812415341,Visa,863,2028-04-19,43768.49,Inactive
274,9088153533802730,Visa,705,2028-04-08,31096.38,Inactive
113,3595657590531849,Visa,613,2031-07-06,48512.44,Active
267,0634110133899715,Visa,990,2031-10-17,38115.72,Blocked
116,5027470335929433,MasterCard,823,2026-03-09,13540.45,Blocked
111,0746047929476683,MasterCard,833,2029-05-05,31198.9,Blocked
87,8907581995051837,MasterCard,492,2028-11-12,14164.57,Active
387,4478797312998745,MasterCard,629,2030-12-18,7637.84,Expired
563,9071928673495485,Visa,534,2032-02-06,7752.54,Active
204,1348531431112577,Discover,922,2031-05-08,30107.39,Active
53,1009741109933204,MasterCard,663,2030-11-01,1210.34,Blocked
468,2143886715698974,Discover,684,2028-11-13,37489.71,Expired
405,6012704039314654,MasterCard,565,2027-07-15,35392.61,Inactive
993,8655369087276768,American Express,5960,2027-04-09,34807.7,Blocked
990,8145112158421299,Visa,797,2027-03-05,26991.61,Inactive
611,4315454206212406,MasterCard,169,2031-02-21,24759.6,Active
944,6184518296499269,MasterCard,586,2028-03-10,23958.73,Inactive
861,1227300356479390,MasterCard,800,2027-10-22,49950.05,Inactive
323,4281877373635848,MasterCard,193,2026-12-22,2149.05,Blocked
504,2295441702512633,American Express,1864,2028-12-04,41768.66,Blocked
355,8599806224346063,Visa,549,2028-11-02,37824.37,Active
957,1072160379623393,Discover,548,2030-10-29,44678.22,Inactive
398,5364478969372936,Visa,719,2027-01-10,35798.03,Active
431,7215878758788910,Discover,338,2026-12-20,19644.87,Expired
706,1738556100238556,American Express,7951,2031-12-24,27620.21,Blocked
319,3501351874086677,American Express,3337,2031-01-27,16081.83,Active
257,4723249079240561,MasterCard,167,2031-03-14,20676.09,Inactive
245,3320930108188123,Visa,564,2030-01-07,39905.0,Active
99,1469930343776360,American Express,1953,2029-10-15,30306.81,Expired
120,3351919382733252,MasterCard,790,2031-02-11,28628.05,Active
831,7886495498318788,MasterCard,858,2029-06-10,35374.66,Blocked
661,8027568917268955,American Express,9252,2031-08-21,37999.89,Expired
891,8275956062781382,American Express,3985,2028-12-18,42412.05,Blocked
728,4602722714252755,MasterCard,332,2031-03-24,38319.24,Active
796,9375052879198716,Discover,960,2028-09-07,1548.42,Expired
575,5187798289349457,American Express,6522,2028-09-01,48273.1,Blocked
742,4084162189916960,MasterCard,388,2031-05-16,18710.74,Inactive
630,6741543920605644,MasterCard,378,2030-03-18,3329.46,Expired
591,8952601927761839,Visa,490,2030-08-01,26794.13,Active
276,0643192129083949,Discover,743,2028-05-29,23372.71,Inactive
264,2425794662875161,MasterCard,951,2029-10-03,21658.81,Blocked
19,2074498515971943,Visa,254,2026-06-19,13822.76,Inactive
473,2519560014838284,MasterCard,842,2026-10-21,45420.34,Blocked
620,5854589661567480,Visa,709,2029-06-14,45985.68,Blocked
847,8842298849972956,Visa,275,2028-02-16,10214.19,Active
740,6468650677161832,American Express,3865,2031-08-21,3399.27,Inactive
700,7760783223200444,American Express,9138,2031-09-16,42372.57,Expired
776,5479103770584043,Visa,587,2029-01-08,44488.69,Active
869,7890346566208765,Discover,425,2029-07-11,12039.31,Active
225,4647776739810989,American Express,1795,2028-03-24,10266.53,Active
933,0975038606424181,American Express,5985,2029-10-05,47952.35,Blocked
686,4404657660474711,MasterCard,765,2027-07-25,20847.02,Inactive
484,5072765933735481,Visa,303,2029-03-28,36873.47,Inactive
61,2108860876130545,Visa,620,2029-05-19,12315.65,Active
887,8882006338741729,American Express,2397,2027-07-13,41681.25,Expired
70,5960079848005255,Visa,479,2028-02-06,3802.22,Blocked
394,5491723665883939,Discover,430,2031-05-11,18253.71,Inactive
817,9064466469796639,American Express,2143,2029-02-08,8254.29,Inactive
601,4924496019910102,American Express,2655,2027-07-06,41982.32,Inactive
193,5453630061491424,American Express,6163,2026-05-18,41739.97,Active
692,1209850540886521,MasterCard,182,2031-10-10,40371.32,Blocked
959,5366637903515352,Visa,744,2030-09-02,38376.52,Blocked
188,9109607203191545,Discover,638,2028-07-21,6548.14,Expired
582,9846105908306357,MasterCard,452,2026-09-23,7614.09,Expired
25,8390819707748826,Visa,588,2030-09-26,4361.81,Expired
547,7450276533046091,Visa,200,2031-04-01,35305.94,Expired
410,6330354420797172,MasterCard,770,2029-07-01,2562.21,Expired
16,2229721380568468,American Express,4444,2030-12-22,45976.3,Blocked
708,9060796522007561,Discover,269,2032-01-30,35078.31,Blocked
308,1377375657822277,American Express,8894,2031-09-26,12018.24,Active
976,3795599400359238,MasterCard,368,2030-07-05,40331.7,Inactive
350,2057194414829417,Visa,114,2027-03-06,38971.52,Blocked
171,9251323575883580,MasterCard,580,2031-02-15,39568.98,Expired
328,3150654197779665,Discover,853,2026-05-17,40938.16,Active
12,5268512428484017,American Express,6710,2030-09-27,15618.6,Active
521,4533442260372300,MasterCard,282,2027-09-23,39291.6,Blocked
771,4399986548286408,Visa,584,2031-04-27,39427.58,Active
776,9412326419564740,MasterCard,340,2029-03-09,45187.88,Blocked
992,7509140795450442,MasterCard,541,2028-05-05,23565.56,Inactive
563,5055388562915395,Discover,584,2028-01-01,2344.08,Blocked
759,9803515097205419,Discover,244,2028-02-13,12618.39,Active
83,7190625807654202,American Express,1506,2026-05-21,29232.97,Blocked
159,6387137731961843,Visa,956,2026-11-28,26106.79,Expired
471,6782312659371565,MasterCard,178,2031-06-04,36571.92,Active
514,6324783511775553,Visa,312,2031-01-25,41844.21,Active
387,7771789715183355,Visa,791,2029-04-12,2609.08,Active
898,1270234687566175,MasterCard,610,2031-08-23,47788.33,Active
842,0291043436074554,Discover,348,2027-01-03,21207.76,Expired
860,3264153442144419,American Express,3455,2030-11-29,2029.76,Blocked
242,2293550061220408,American Express,2861,2027-09-03,49009.19,Expired
878,7338194283669484,Discover,791,2031-04-27,32093.5,Inactive
419,4502258852796320,Discover,267,2028-08-06,49680.98,Active
734,9885028587314657,American Express,3876,2026-12-12,20074.78,Expired
820,1153654358190877,MasterCard,743,2028-02-23,44800.65,Inactive
454,6082283485124555,Visa,345,2029-10-29,5576.29,Inactive
169,8112697771227449,American Express,9440,2031-12-18,28470.61,Blocked
834,4877079680069409,Visa,901,2028-11-26,28895.99,Active
477,0102955564391133,MasterCard,880,2028-01-18,27718.29,Expired
205,2498104106672020,American Express,7385,2026-06-03,48290.52,Inactive
564,8094540264654785,Discover,575,2029-12-09,46913.73,Inactive
561,6196302011997240,Discover,734,2029-01-26,32216.21,Inactive
298,0058355540769855,MasterCard,325,2028-08-03,33684.23,Active
960,0869461894280689,Visa,252,2027-04-22,13736.9,Expired
28,8257335063695091,American Express,2914,2031-01-22,11528.94,Active
835,1197077885700119,Discover,337,2029-12-09,1010.13,Active
680,0961102507615910,Visa,404,2026-09-30,43554.28,Active
567,0933952378738026,Visa,337,2029-12-04,22896.73,Expired
275,5539648532040112,Discover,599,2030-01-19,13849.5,Blocked
809,4614166414575007,MasterCard,823,2027-06-05,25803.73,Active
95,2675744050143656,MasterCard,795,2028-10-03,11333.76,Active
894,5898164323976469,MasterCard,962,2030-09-22,41455.24,Inactive
207,8789516627880114,American Express,9186,2029-06-30,29908.28,Active
4,4503082535237728,Discover,721,2028-06-02,16137.68,Active
624,2255131374891532,Discover,330,2027-12-30,40308.69,Active
253,3070559646809901,Discover,445,2029-04-06,39131.96,Expired
184,6031195003421062,Discover,578,2027-11-05,6425.86,Inactive
865,1726881976002719,American Express,8179,2031-11-22,17086.7,Active
465,2995047008926454,Discover,138,2031-03-31,26634.26,Blocked
122,5110784650303107,American Express,5354,2031-07-09,3371.59,Inactive
914,8513097680723399,American Express,7694,2026-05-24,41056.06,Expired
744,9875518926308993,Visa,343,2028-10-20,30566.71,Active
570,6904097733258284,American Express,2682,2030-04-16,2780.91,Blocked
733,7566421821903379,Discover,757,2029-08-14,33124.28,Expired
231,7445672793463320,MasterCard,963,2029-04-27,41294.41,Inactive
31,7664532797008736,American Express,9583,2026-11-04,6678.67,Inactive
931,8741976378679579,Discover,406,2026-11-11,26365.58,Expired
385,3410472269532695,MasterCard,353,2026-07-22,9838.8,Blocked
135,0993941290074129,MasterCard,695,2028-05-18,2434.39,Blocked
84,8969240042089201,MasterCard,701,2028-08-04,1378.83,Expired
43,4560352972087243,Visa,594,2030-06-12,10128.25,Expired
315,8523147941128076,Discover,967,2029-06-19,49305.4,Blocked
518,1630587337976083,Visa,435,2030-04-25,18633.84,Inactive
12,4237405173340670,Discover,885,2028-11-27,19931.75,Blocked
470,7522883591290861,MasterCard,151,2028-10-06,35430.85,Expired
597,5712574595479221,MasterCard,627,2029-06-17,20809.6,Expired
104,4397996298655564,Discover,430,2030-05-09,37743.39,Expired
885,4331017806398688,American Express,9121,2027-01-23,5624.09,Expired
444,4706836889324236,American Express,8569,2027-07-11,2060.95,Active
324,8138061057070731,Discover,137,2030-03-31,49518.41,Active
839,8153044315107744,American Express,8030,2030-12-27,23935.48,Active
803,3259079591145056,MasterCard,111,2029-10-23,29261.66,Inactive
570,8072662757391136,MasterCard,368,2031-07-28,36689.16,Expired
998,7829216420674168,MasterCard,335,2029-04-20,21938.54,Blocked
554,2155944642280926,Visa,199,2031-07-16,44333.91,Active
293,8844268621134839,MasterCard,608,2026-09-13,9874.83,Blocked
853,6260024666700490,Visa,870,2029-08-25,22445.36,Expired
367,9354030289707458,American Express,4188,2030-02-25,7672.31,Expired
38,5486098447670304,American Express,6552,2027-06-09,12299.66,Active
52,5242816214276477,Discover,210,2028-02-13,42602.03,Blocked
961,5347165300842434,MasterCard,812,2028-11-03,32695.14,Inactive
577,7577991577870316,Visa,928,2030-03-27,19085.3,Active
934,8195491606287194,Visa,186,2031-07-07,34576.38,Expired
809,2892457836119526,Visa,860,2028-01-16,32322.72,Expired
972,5653345473713111,MasterCard,340,2029-08-28,21109.76,Active
293,6032628599650739,Discover,533,2027-08-03,18808.66,Expired
110,8628624132177780,Discover,198,2031-06-27,32345.75,Blocked
688,6863030433456108,American Express,6472,2028-11-22,8380.91,Blocked
246,8782068100124843,Discover,908,2030-04-01,10449.09,Inactive
541,1376803113511993,Visa,717,2028-07-16,49833.45,Inactive
340,5271229855003820,MasterCard,515,2030-01-31,15618.32,Active
686,6624093750224272,American Express,5283,2030-07-04,32180.68,Expired
268,1783947660182505,Discover,397,2029-07-18,34575.51,Blocked
933,5736289337705474,Visa,417,2027-06-29,16640.96,Active
589,3895816960342202,American Express,6668,2031-05-26,1757.2,Expired
710,2135702120767086,MasterCard,859,2028-08-08,14666.56,Blocked
807,3182283737670882,Visa,449,2027-09-05,21606.13,Inactive
343,0301901894579986,Discover,777,2029-12-08,19446.0,Blocked
244,8827403934297213,MasterCard,508,2032-01-28,13671.59,Inactive
248,7707783428297353,American Express,1091,2029-07-29,18102.6,Active
397,0215650337977195,American Express,2759,2027-05-12,33148.31,Blocked
485,4205962582356895,Discover,353,2028-04-20,35263.34,Inactive
455,3092625311488552,Discover,431,2032-01-02,24109.41,Active
751,8805781672712073,MasterCard,372,2026-08-12,5828.03,Blocked
178,2253268084517993,Discover,490,2031-12-09,38321.68,Active
748,7732920381859448,Visa,701,2028-02-18,4680.62,Blocked
506,3139482030896346,American Express,6926,2031-02-15,22304.22,Inactive
859,6690027389457784,Visa,338,2026-10-11,19497.88,Blocked
342,7620846763912663,American Express,4326,2030-01-01,44868.89,Blocked
375,4085651965417400,MasterCard,455,2031-04-06,4979.49,Expired
820,0780911354287256,American Express,9073,2028-06-29,40759.48,Active
143,5097333722836023,Visa,517,2029-07-24,9507.1,Inactive
100,1784519283009684,Visa,397,2028-05-07,4488.93,Active
903,7484500994997359,Visa,352,2031-02-24,2136.7,Blocked
735,5834120875605358,Discover,882,2026-10-06,35016.52,Inactive
682,0139393437454172,Visa,566,2029-01-14,48762.13,Blocked
910,5231328497588074,Discover,341,2027-11-01,46873.56,Expired
613,1838017678236690,American Express,2975,2026-09-22,25198.83,Expired
844,0473217474472561,American Express,4461,2026-03-29,46445.02,Active
233,9949524858089088,MasterCard,902,2026-05-20,17679.05,Expired
808,4335308200743709,Visa,393,2026-10-30,23454.27,Blocked
182,7556337853649382,American Express,3606,2027-12-28,8091.78,Expired
696,3765719638437148,Discover,995,2026-06-09,30527.68,Inactive
846,3059574028742795,MasterCard,942,2026-08-08,39659.03,Inactive
252,8797948700923523,Discover,129,2026-05-11,11230.1,Expired
572,2148510560541184,American Express,1348,2028-12-25,33877.74,Expired
872,3071494038838182,American Express,6775,2027-06-12,46602.96,Blocked
939,9439822449866080,MasterCard,152,2031-06-19,29656.25,Inactive
562,9542045141676095,Visa,437,2029-09-27,46424.5,Blocked
275,6599538459937091,Visa,785,2029-01-20,30128.22,Blocked
257,3622514328586257,Discover,296,2031-01-29,24918.9,Expired
156,2464685366507652,MasterCard,160,2031-06-01,31497.44,Expired
13,5142519582861966,MasterCard,716,2027-09-04,9502.49,Active
198,6942250786948107,Discover,835,2032-01-26,26727.11,Expired
814,2796752983349793,American Express,7159,2030-11-11,8589.72,Active
65,4219292007204865,MasterCard,804,2031-06-08,31826.75,Inactive
554,5686230234119541,American Express,6924,2026-10-07,19809.36,Blocked
32,1834802150148268,Visa,633,2029-06-03,19344.23,Active
252,9990908968226813,Discover,656,2027-02-13,46944.34,Inactive
897,7837030433065240,MasterCard,581,2029-01-28,26823.18,Expired
692,8135158405002038,MasterCard,744,2029-09-24,37141.83,Inactive
873,5691024758484178,Visa,819,2027-05-06,26309.65,Inactive
754,7153816959337084,American Express,9238,2029-02-20,29048.93,Active
841,5062125638528186,MasterCard,673,2031-04-10,5368.4,Expired
245,7032276604793424,Visa,461,2026-09-01,27385.38,Blocked
442,6687337855397083,American Express,7542,2031-03-03,3107.48,Blocked
704,9222517936339831,Discover,120,2030-10-18,6115.58,Active
658,4937991609700777,Discover,752,2026-05-28,49406.26,Active
91,8011774141774629,MasterCard,308,2028-10-30,42001.32,Active
175,8241960197079994,MasterCard,391,2030-05-04,26034.84,Inactive
427,6852952066948061,Visa,393,2029-03-17,15740.99,Expired
644,1105807099908519,Discover,813,2029-02-13,35088.58,Expired
702,6214651138793787,MasterCard,844,2028-06-27,28267.89,Blocked
880,1979457004354237,Visa,523,2032-01-31,4487.39,Blocked
483,0407655436484111,MasterCard,773,2026-09-27,5479.93,Inactive
641,2324719447669567,Visa,506,2027-02-04,18928.56,Active
800,9928497116536535,Discover,362,2027-10-11,17637.28,Expired
688,1026542519321620,American Express,8799,2030-11-06,12886.18,Active
868,0645043754922974,Discover,845,2026-04-13,15146.32,Blocked
120,9536993220756409,American Express,6829,2029-04-17,33962.16,Active
881,6639493397365286,American Express,3385,2027-10-02,21581.62,Active
195,7723677653652163,Discover,269,2028-05-22,11674.63,Inactive
108,1336874095466681,Visa,667,2030-05-21,20388.52,Blocked
368,2878104951339723,Visa,406,2028-10-25,40434.08,Expired
389,4486342685802566,Visa,703,2026-03-10,30195.93,Inactive
120,2289337847168483,Visa,249,2031-11-03,34169.37,Expired
847,8117043123030137,Visa,169,2030-08-06,27907.2,Blocked
680,4439011107041228,MasterCard,391,2027-08-02,21086.8,Inactive
609,3762142137589372,Discover,853,2026-05-04,42631.04,Inactive
385,3670136438640423,MasterCard,382,2026-12-17,33767.54,Active
858,7598552420010737,Visa,167,2030-11-12,28753.02,Active
666,5601277877253554,Visa,704,2028-07-19,24903.81,Expired
326,3295865210724065,Visa,699,2028-01-31,31762.73,Inactive
547,1308250387086262,MasterCard,780,2028-01-31,45250.67,Inactive
7,5952784285593576,MasterCard,281,2027-01-19,7828.28,Active
699,3346049636157683,Discover,192,2030-11-10,9651.91,Blocked
935,3044400634195501,American Express,8147,2029-02-23,35789.5,Blocked
222,2677410680966821,Visa,384,2031-03-20,36937.79,Inactive
109,4538079832827284,American Express,7166,2028-07-07,44512.87,Inactive
23,8640973370370221,Visa,582,2031-10-01,32469.04,Expired
849,8491270420297331,MasterCard,110,2027-02-28,4726.17,Inactive
105,7227121590961770,MasterCard,541,2028-01-10,8904.31,Inactive
625,7045271219372423,MasterCard,114,2030-09-18,5457.5,Blocked
580,1663533764602666,Discover,278,2029-09-26,42896.23,Expired
877,1222590661616078,Discover,630,2030-05-29,19937.04,Expired
689,3454045015288126,MasterCard,111,2029-05-15,7119.75,Inactive
454,7760998099767590,Discover,398,2031-10-25,24034.25,Active
921,6049531052456764,Discover,608,2029-09-06,37510.36,Expired
808,6327131493527143,American Express,1821,2026-07-19,28168.16,Active
875,7631740039197266,Discover,804,2029-12-25,34961.54,Inactive
150,3838962115729614,MasterCard,174,2031-07-11,42941.37,Active
735,0010117792272626,Discover,185,2026-06-25,40064.09,Active
102,7501018149627825,American Express,6376,2032-02-03,30220.63,Inactive
862,9200925845367231,Visa,381,2027-06-04,36086.61,Active
235,6882766184599384,Visa,366,2030-10-14,19221.39,Inactive
627,1927761128826225,Discover,982,2031-02-23,26892.37,Blocked
626,1748933877587934,American Express,1182,2032-01-27,15119.28,Expired
888,4586490022283066,MasterCard,180,2029-05-16,7943.31,Active
246,7404954543985396,Discover,814,2031-02-20,16229.93,Blocked
36,1460631997606526,Visa,349,2026-04-15,3664.0,Blocked
113,9992172624183826,Visa,977,2027-08-30,37207.11,Blocked
88,8483802942679001,Visa,381,2026-08-10,35986.9,Blocked
149,2697467897814417,MasterCard,500,2026-09-01,40270.72,Active
544,0299548300230923,American Express,1775,2028-07-15,49489.24,Inactive
783,3341805916869866,American Express,1126,2028-04-25,16052.2,Active
216,1685132249826602,American Express,2137,2031-01-26,45415.07,Inactive
220,2347384265054205,Discover,351,2026-07-08,18569.11,Active
860,4535572213074046,Discover,477,2026-06-09,48827.43,Inactive
701,6515571235377030,Visa,828,2031-01-06,20410.69,Blocked
868,4560100751423083,Visa,827,2030-07-22,39456.55,Expired
371,1243752610685129,Visa,366,2030-01-28,45846.76,Blocked
957,2252608816048447,MasterCard,779,2028-04-05,13281.45,Active
942,9925267028824322,Visa,326,2028-01-22,33529.53,Expired
468,5551941767522517,American Express,6253,2026-10-09,4648.22,Expired
173,1813998475751923,Visa,695,2031-08-01,18156.63,Active
548,9413559912179327,MasterCard,974,2029-05-29,8732.36,Active
404,9940042485031824,Discover,379,2026-09-02,16169.65,Blocked
529,1903388390981960,Visa,213,2027-06-09,48826.44,Blocked
961,8949585274398743,American Express,9221,2028-02-08,46955.46,Active
377,5026691252714009,Discover,559,2030-02-27,2187.28,Inactive
667,3616258861053638,Discover,876,2026-03-06,36976.75,Inactive
139,4452325963941941,Visa,386,2026-10-13,28263.86,Inactive
958,6896924372166895,MasterCard,699,2026-08-25,23648.75,Expired
194,5835091062131845,Discover,609,2031-03-31,20935.1,Expired
781,7611750645113236,MasterCard,621,2031-06-03,49296.68,Expired
648,8774525813117161,Visa,342,2029-05-06,13585.64,Active
923,4698836252039008,MasterCard,852,2026-10-26,5177.05,Inactive
685,9678001973821777,Visa,125,2029-07-22,33968.7,Blocked
875,1059826211952348,Discover,684,2030-04-24,2959.15,Inactive
986,6218780184556639,Discover,310,2031-10-02,41580.43,Blocked
828,7261804464301684,Visa,505,2030-01-08,8012.27,Inactive
963,0981961696212604,MasterCard,923,2031-09-20,31263.46,Blocked
403,0749306379565218,American Express,9940,2029-08-27,35085.1,Active
979,1314801408704433,Visa,289,2031-03-08,42853.27,Blocked
360,2921888648952710,MasterCard,262,2031-07-14,15460.65,Expired
89,2251968321783913,American Express,5851,2028-03-06,11973.95,Blocked
523,0096618186559974,Discover,450,2027-04-24,19029.64,Expired
781,6757067811577873,MasterCard,804,2027-07-17,4220.29,Blocked
618,9633077267025649,Visa,775,2028-01-29,5738.42,Blocked
386,7719754839287222,Discover,614,2026-06-28,1602.17,Blocked
751,3964497219597719,American Express,1841,2026-08-09,34018.15,Active
744,2642194692902404,American Express,8429,2030-08-16,9676.7,Expired
709,2565878995753288,American Express,8524,2028-06-17,35375.54,Active
505,9771669085771177,American Express,4811,2028-04-07,19767.59,Inactive
623,8507121310064464,MasterCard,786,2027-06-30,25292.43,Inactive
825,1169212558233314,Visa,576,2026-11-24,33418.04,Blocked
541,9164665786473170,MasterCard,762,2026-05-29,45558.2,Blocked
322,6271490160415066,American Express,2182,2028-02-05,6674.81,Active
889,8377161262187517,MasterCard,470,2027-12-09,13136.23,Inactive
869,9813836521923371,American Express,8733,2026-05-10,38359.25,Active
464,9687859811223749,American Express,6995,2027-09-16,7000.54,Active
353,2928933593753346,American Express,8445,2030-05-18,18014.08,Expired
129,0285925411374684,American Express,1644,2027-05-27,23959.44,Active
742,5574704944229733,Discover,438,2029-03-15,40196.32,Inactive
138,5072324268767710,Discover,926,2028-08-12,28213.52,Active
561,2250310373436632,American Express,8241,2027-06-19,31897.99,Inactive
788,2833252887994322,Discover,213,2029-03-05,45935.65,Blocked
725,9764277760307306,Visa,251,2028-11-29,16172.93,Expired
714,6920488048953672,MasterCard,195,2031-12-31,38491.93,Expired
603,0560150801260880,American Express,8924,2027-01-15,16957.13,Blocked
261,9010594488693352,Discover,104,2026-06-29,38451.91,Inactive
674,5786948729810012,MasterCard,830,2029-06-22,45012.99,Active
289,4976216893259270,Visa,615,2026-10-10,35744.0,Active
801,9455505524576212,MasterCard,958,2030-02-03,9500.18,Blocked
549,4532746971371485,MasterCard,655,2026-11-09,24570.64,Active
735,3009294171515528,MasterCard,599,2027-09-09,42547.36,Blocked
80,3471807938630538,Visa,834,2029-05-01,32439.45,Expired
776,3628299286094096,American Express,2742,2027-05-03,36943.99,Active
720,5215777825416174,American Express,5632,2031-01-18,34713.26,Expired
884,1114705064608820,American Express,6368,2029-07-31,40920.3,Active
83,8879498038591016,Visa,671,2029-07-22,11624.07,Expired
114,4924519445641582,MasterCard,378,2029-02-11,34317.94,Expired
238,7897430283536952,Visa,133,2029-02-18,9624.98,Expired
186,1247352230295384,MasterCard,344,2028-11-08,48682.79,Inactive
319,7872658175268087,MasterCard,544,2030-04-01,12115.24,Inactive
743,3049991169929548,MasterCard,904,2029-03-01,11287.7,Inactive
242,9742251427527605,MasterCard,122,2026-09-13,49213.28,Expired
261,7475468774610882,American Express,6823,2026-09-02,47855.12,Expired
796,3270993487069311,Visa,927,2031-07-08,17472.43,Expired
936,0299214056057527,Discover,936,2031-07-12,17959.77,Inactive
238,1382053033629492,Discover,789,2031-06-08,23312.46,Active
18,2529108704590940,MasterCard,631,2029-09-04,14381.0,Inactive
841,0387631770125526,American Express,2030,2030-11-17,13760.27,Blocked
738,3892464945479392,MasterCard,342,2027-01-16,25346.14,Blocked
614,6162521309983112,Visa,840,2029-11-26,26784.06,Inactive
885,8047395908256877,American Express,3333,2029-10-27,37661.32,Expired
494,5797369990758428,American Express,7188,2031-12-01,21541.37,Expired
976,1617987907370481,Visa,725,2030-12-04,16394.93,Expired
994,9844650492504627,American Express,5322,2030-05-17,4130.93,Inactive
124,4284221490292648,American Express,1094,2027-04-18,49175.69,Blocked
938,3071628322260123,MasterCard,766,2027-07-30,4997.31,Blocked
318,7435679734665113,American Express,6619,2029-02-06,23459.4,Blocked
186,4231171998378639,American Express,9603,2029-07-28,37070.95,Blocked
231,6707731239637541,Visa,801,2027-02-20,1530.07,Inactive
892,8665317272445533,Visa,477,2027-06-10,21199.25,Inactive
253,8070797205332184,MasterCard,197,2026-06-01,46975.01,Blocked
922,9112157609459353,MasterCard,951,2029-02-10,20373.98,Inactive
369,2350930238862334,Visa,610,2031-12-18,28303.05,Inactive
311,2360553849198414,Discover,618,2027-09-11,41364.15,Expired
396,0266953641636274,American Express,6340,2030-09-11,26364.87,Inactive
695,4570233591387720,MasterCard,390,2026-12-16,15162.67,Expired
976,4265582637754784,American Express,1226,2030-02-17,46612.66,Inactive
158,1713121724380381,Discover,931,2029-07-08,13350.36,Blocked
657,4926530245177743,MasterCard,653,2027-03-29,21643.87,Expired
899,1508873164457940,Visa,860,2028-04-18,1346.11,Blocked
661,6054800072187692,American Express,8817,2031-08-27,31967.02,Inactive
342,6844107739338411,American Express,1491,2030-01-30,37766.17,Blocked
175,8092849049706615,Visa,301,2031-05-06,31433.06,Inactive
732,6626842593347482,American Express,9912,2031-02-13,42106.44,Expired
296,9541287223665952,MasterCard,101,2031-08-27,28410.7,Active
234,0280130297924999,MasterCard,153,2029-02-02,7613.43,Active
961,6721059361819657,Visa,930,2029-02-26,36430.53,Blocked
133,2727079016596076,Discover,383,2032-02-17,49231.81,Inactive
16,4807538721296525,MasterCard,266,2029-09-04,10775.37,Expired
234,6360073816506005,Visa,326,2028-01-06,17444.4,Expired
679,6317379473505477,Discover,442,2028-04-27,15231.46,Blocked
915,9753368154925792,MasterCard,941,2031-09-09,43174.59,Blocked
114,3157657078483971,Visa,497,2029-05-18,8384.71,Expired
102,1958145313649331,Discover,239,2031-04-09,43254.02,Blocked
580,7132572000797463,American Express,8297,2027-03-13,13104.48,Inactive
194,0448836932003376,MasterCard,255,2030-03-13,21332.34,Expired
901,9074660402190827,Discover,551,2028-08-16,9080.36,Blocked
686,7563318934951377,Visa,450,2027-01-14,47828.19,Blocked
467,2127864653032480,Discover,138,2029-08-10,9913.15,Blocked
107,9081382643235938,Visa,520,2028-11-17,10555.97,Active
137,9338689057441616,American Express,1127,2030-06-10,27863.29,Blocked
984,3481414145220657,American Express,8633,2026-11-13,31991.39,Blocked
406,0568740896423054,Discover,878,2031-05-07,41698.37,Inactive
74,9595041339426876,American Express,5225,2027-10-17,2957.58,Blocked
739,3113999304192984,Visa,110,2028-08-13,37264.25,Blocked
148,9843925484310623,MasterCard,381,2027-10-30,30220.97,Active
871,5173108928038070,MasterCard,924,2028-02-01,1542.06,Inactive
401,7820192515334638,Visa,462,2029-03-11,30753.24,Active
389,7110769183536342,Discover,548,2029-05-22,40501.81,Blocked
202,5321830009168180,Discover,319,2028-01-31,44012.56,Inactive
132,5323927826266739,American Express,7345,2029-09-27,10260.48,Blocked
722,9121211682309662,American Express,9862,2029-09-06,6970.19,Expired
420,3889472611769872,Visa,231,2029-09-02,47078.06,Active
54,8403862769538794,MasterCard,385,2028-10-02,41463.01,Expired
908,1894280228134415,MasterCard,194,2030-03-29,2870.58,Active
740,5899167379378165,Discover,707,2031-05-05,4611.42,Blocked
558,5383027087261192,MasterCard,193,2026-06-19,45539.7,Active
756,9998517426900943,American Express,5757,2026-11-07,23207.95,Inactive
257,9250009832250359,Discover,551,2031-09-10,43409.14,Active
739,4575684755771941,Discover,211,2029-10-15,26897.88,Expired
585,6885922949816882,MasterCard,554,2030-07-18,7228.67,Active
236,8107851547997157,Visa,756,2027-11-19,11810.3,Blocked
421,8957020694461604,American Express,8177,2029-07-31,11070.04,Active
126,7644691368526322,MasterCard,267,2027-12-22,40488.54,Inactive
832,6295452289985834,American Express,6993,2027-02-04,35318.75,Inactive
634,6664141165337740,Visa,797,2028-02-08,34268.35,Active
999,9153926566036444,MasterCard,743,2027-11-14,45671.99,Blocked
302,8583351805348347,Visa,791,2026-12-30,25271.38,Blocked
817,5843256243717737,Visa,725,2028-02-12,21422.79,Expired
231,5626825746618845,Visa,406,2028-07-29,28886.76,Expired
337,3441391934921041,Discover,563,2028-01-25,46473.28,Active
640,0384924546870720,MasterCard,790,2031-05-14,7706.77,Inactive
244,8510433044493282,MasterCard,697,2026-09-18,14320.9,Active
563,7740233878304530,Discover,529,2030-01-10,15919.72,Active
124,9124513516574577,Visa,623,2027-01-28,5506.36,Expired
789,1403037689072079,MasterCard,152,2027-07-08,41332.92,Blocked
683,2179157959816606,MasterCard,360,2027-04-29,17464.22,Expired
16,8832724162580922,MasterCard,915,2030-07-25,25092.43,Inactive
530,9827673028441816,American Express,9616,2030-09-01,20065.18,Expired
295,5806795566846840,MasterCard,325,2026-04-09,47944.63,Expired
411,8378269038696506,American Express,1912,2029-11-03,9644.84,Inactive
