Customer_ID,Full_name,DOB,Email,Phone_Number,Address,National_ID,Tax_ID,Employment_Status,Annual_Income,Created_At,Updated_At
1,Peter Watson,1940-01-16,karen17@farley.info,3930236691,"230 Brown Bridge, Crystalfurt, IN 29280",9648033200,923567613,Student,191909.45,2021-09-14 06:59:37,2021-08-27 09:25:37
2,Lauren Thompson,2004-11-22,brittanygreen@rodriguez-walker.org,001-760-645-2726x21063,"Unit 5646 Box 4681, DPO AE 83235",1396307986,971729514,Unemployed,137611.05,2024-09-01 02:30:05,2020-05-28 10:44:30
3,April Hanson,1945-10-05,kevin15@hotmail.com,(208)855-6383,"53308 Christine Shoal, Roweborough, TN 90426",4746780197,324059104,Self-Employed,73787.03,2022-05-25 03:10:29,2024-10-18 18:15:19
4,Matthew Crane,1970-10-11,paul88@gmail.com,163.330.0072,"0482 Murray Light Apt. 962, Lake Laura, DE 01322",5526567250,68255445,Self-Employed,151173.9,2021-05-07 12:33:09,2023-12-04 14:24:46
5,Lindsay Cooper,2004-10-31,james29@gmail.com,848.487.4505x03511,"867 Gloria Street Suite 778, West Maria, IL 50674",1998002344,426089361,Self-Employed,51062.43,2021-04-19 08:20:06,2021-08-15 04:04:44
6,Sherri Wilson,1963-09-16,brianna37@yahoo.com,+1-649-563-6368x19512,"92642 Wallace Port, New Kelly, AK 35036",5526656701,978452339,Self-Employed,96518.48,2022-10-29 00:25:32,2022-07-27 16:42:50
7,Robert Obrien,1946-02-26,paula09@yahoo.com,2534376131,"015 William Course Suite 616, Alexanderbury, NJ 15660",9106800498,274609991,Self-Employed,63278.81,2024-08-22 09:26:27,2022-07-12 10:24:23
8,Elizabeth Brown,1988-04-05,boltonrichard@gmail.com,001-764-002-6399x4672,"146 Molly Forge, Lake Michaelmouth, SC 92255",2502472080,638105786,Retired,151052.58,2021-05-16 03:33:45,2020-03-02 01:58:54
9,Andrea Hansen,2001-08-09,clarklaura@white-kent.org,379-703-0970x5452,"993 Wilkinson Mountains, Keithhaven, MO 95231",859211889,633747595,Retired,56456.78,2020-03-21 14:58:41,2023-01-02 07:57:35
10,Robert Ramirez,1939-02-02,allenmichael@hernandez.net,565.578.5761x373,"232 Waller Islands Suite 760, Zamorafurt, WY 39796",8906887021,12777235,Student,114021.17,2024-06-14 18:47:08,2020-04-21 16:50:30
11,Christopher Bailey,1942-01-28,zhodges@wilkinson.com,1545001158,"3857 Susan Burgs Apt. 767, West Bethton, WA 40063",6697538365,753844065,Unemployed,92183.8,2022-02-21 06:58:34,2022-09-16 23:12:33
12,Tracy Li,1978-02-26,phorn@gaines-grant.com,362.945.2910,"8766 Irwin Mount Suite 091, Port Janetberg, AK 14397",8855715921,782973006,Retired,152538.07,2024-09-30 20:23:49,2023-11-18 00:10:05
13,Maria Everett,1987-12-22,charlotteward@payne.com,246-830-1229,"989 Hart Lakes Apt. 900, Nancystad, CO 22582",4262459590,500748613,Retired,58761.81,2022-08-04 22:18:49,2024-06-01 06:20:10
14,Bridget Long,2005-07-11,adamsheather@yahoo.com,(240)771-6482x5156,"405 Paula Ports, New Jerry, AK 18998",8604536189,252528856,Employed,10068.49,2023-12-09 13:36:11,2023-07-23 09:25:06
15,John Jacobson,1978-12-30,paulrivas@gmail.com,(671)525-6801x2511,"620 Weber Club, Mooreview, NV 96600",6291774711,598498857,Self-Employed,11874.03,2022-01-14 03:16:39,2024-10-31 05:56:49
16,Melanie Harris,1942-11-20,bmason@yahoo.com,854-705-2706x44078,"696 Larry Village, Nathanland, OH 02980",7534614275,455936020,Employed,195089.07,2020-06-23 12:12:51,2020-07-21 00:28:07
17,Roger Hale,1983-03-04,brownvalerie@yahoo.com,764-022-8017,"844 Bowman Glens Suite 539, Bishopville, IL 04744",8312352031,41138099,Retired,136712.44,2024-06-04 12:17:09,2024-02-13 09:38:01
18,Julie Hardin,1985-01-09,ramirezbrandon@gmail.com,(521)288-2809x903,"688 Joe Track, Lake Thomasstad, MI 95327",8149373174,494190349,Self-Employed,28664.5,2023-01-12 19:50:02,2021-08-24 07:02:35
19,Kara Murray,1964-12-31,bennettmelanie@hotmail.com,+1-890-974-4697x402,"0841 Macdonald Row, Andreaport, AL 15632",8272846288,524943592,Student,119669.29,2022-10-28 17:10:23,2022-03-26 21:22:08
20,Mr. Robert Parker,1975-04-09,madison50@hotmail.com,973-413-6465,"3081 Jay Radial Suite 857, New Erik, HI 14819",3978715855,315537503,Student,113425.16,2021-06-06 14:46:38,2024-02-16 12:15:43
21,Andrew Sanchez,1943-03-12,wbryan@russell-gallagher.org,(521)650-8137x4553,"620 Caitlin Flat, Williamview, MI 20673",1566310206,867455766,Employed,34803.62,2023-06-10 20:11:24,2024-02-09 12:06:20
22,Kelli Goodwin,1953-08-04,myersmarcus@gmail.com,516.094.5600x618,"2464 Li Path, Robersonton, ND 98598",5607899363,531281205,Self-Employed,148362.23,2023-08-29 19:36:35,2023-10-23 13:32:48
23,Morgan Stephenson,1981-07-09,braysusan@sosa.com,667.309.6230x30747,"43567 Good Unions Apt. 999, North Jasonfurt, NE 96393",4401350721,79573093,Unemployed,103576.93,2021-02-03 07:52:12,2020-03-24 13:11:20
24,Jasmine Taylor,1943-11-17,gutierrezgregory@smith-holmes.info,+1-030-769-2025,"1355 Melissa Spurs, Port Davidbury, DE 10561",1860107588,983426581,Student,53973.01,2024-11-17 03:25:56,2020-05-12 14:28:41
25,John Perez,1941-10-22,melissagriffin@pena.info,001-056-702-0523x9673,"29808 Suzanne Stream Suite 808, Lake Lindaborough, CT 03421",8660098229,121696861,Retired,88780.14,2022-10-17 08:58:13,2024-03-27 12:47:41
26,Robert Jones,2002-02-10,michaelwhite@whitney.com,(414)818-9549,"546 Charles Viaduct Apt. 630, South Catherinetown, NE 46647",5132334011,789213274,Employed,14216.51,2024-02-07 19:43:26,2024-05-30 18:01:04
27,Brent Rice,1964-08-26,carolinegeorge@griffith.net,(823)796-9998,"365 Smith Coves, Wangland, VA 05022",7931813612,121671838,Unemployed,31446.28,2023-04-16 21:29:29,2024-09-18 20:11:23
28,Rachel Suarez,1938-06-03,adamsdavid@heath.org,(481)315-2181x2209,"8204 Peters Lock, Allenmouth, WA 69542",1515263202,921717239,Retired,187164.88,2023-07-04 10:28:18,2024-09-25 20:52:44
29,Steven Hughes,1989-03-27,michaelramos@gmail.com,648-827-9670,"641 Keith Club, Lake Alexa, OK 50138",4810107250,473861534,Self-Employed,105885.53,2021-07-05 09:13:37,2023-10-29 06:22:50
30,Dylan Castillo,1956-12-16,williamcollins@gmail.com,+1-657-688-8572x6153,"362 Peterson Expressway, Lindsayhaven, HI 89332",2636145470,799385664,Employed,105798.61,2020-11-12 18:43:42,2020-01-02 21:08:51
31,Matthew Bryant,1946-05-26,cheyennecurtis@yahoo.com,864-176-6337x46452,"626 Murphy Ports, North James, MT 79714",4467334236,360340947,Student,57961.98,2024-01-13 08:08:36,2021-11-11 00:17:30
32,Jessica Wright,1997-05-20,kim65@garcia-braun.com,+1-160-339-7000x1587,"34661 Beverly Via Apt. 255, New Jason, AL 27432",1998052620,46576086,Student,38781.35,2023-04-25 07:52:38,2022-08-13 02:49:27
33,Breanna Hernandez,1999-05-18,johnmaldonado@edwards.com,+1-189-257-9049x9979,"62903 Knapp Corner Suite 277, South Chad, OH 29452",7082330669,569731784,Self-Employed,149818.26,2020-08-26 00:17:37,2021-05-03 02:10:18
34,Patricia Rocha,1993-12-25,janetgutierrez@gmail.com,(212)098-6913,"1276 Michael Crossing, Katrinabury, NM 06966",1579709113,179092985,Employed,45540.65,2024-04-04 05:15:23,2023-11-19 03:13:02
35,Michael Smith,1969-12-18,robertspatrick@hotmail.com,+1-601-342-5588x412,"8821 Williams Falls Apt. 661, Port Joanstad, AL 43986",529005244,482536414,Unemployed,19939.86,2024-08-16 06:33:58,2020-07-18 21:04:22
36,Gregg Key,2002-08-05,jessicafrazier@hotmail.com,+1-616-505-1280x713,"237 Copeland Divide Suite 515, Kaylatown, IA 66773",4805581149,87066900,Unemployed,155635.23,2021-12-16 04:43:41,2023-05-20 20:41:02
37,Corey Franklin,1952-07-05,sarah72@perez-davis.com,001-358-015-2745x2769,"USCGC Lyons, FPO AA 23748",4724109259,209037924,Employed,138387.13,2024-08-18 08:00:02,2020-04-05 15:53:10
38,Mrs. Debra Sandoval,2005-09-19,rjackson@cooper-nelson.com,486-740-4833x456,"300 Michael Cove, Yvonnemouth, WI 43880",4791627645,44654035,Unemployed,79604.54,2022-08-15 18:16:16,2023-09-15 02:50:44
39,Rachael Dunn,1936-08-21,nevans@robinson.org,695-221-7685,"0255 Wesley Village Suite 650, Stevenborough, AZ 88657",4330609250,689877927,Employed,114040.04,2024-02-20 15:37:24,2020-08-30 15:30:56
40,Wendy Diaz,1950-03-01,fhughes@rivera.org,3964755240,"588 Morris Road Apt. 614, Port Patriciamouth, IA 78989",8849505163,186753627,Student,58361.84,2021-08-03 06:30:30,2022-05-28 11:47:30
41,Todd Page,1938-05-11,robinjackson@gmail.com,001-109-766-1921,"0695 Schultz Way Suite 526, West Brandon, IL 41757",9178067466,694310426,Unemployed,10090.93,2022-02-03 21:42:51,2023-10-05 03:15:54
42,Mackenzie Wood,1966-08-14,reyesrebecca@sexton.com,328-500-7001x2341,"24777 Sims Roads Apt. 045, Timothychester, OK 06519",5958119507,851579263,Self-Employed,169047.43,2024-12-13 20:13:17,2021-09-07 21:02:05
43,Stephanie Dyer,1940-01-05,asims@rodriguez.com,341-404-8998x217,"50553 Wright Glens, New Amanda, TX 74068",9941030656,905812766,Unemployed,43005.58,2024-02-10 19:12:53,2025-02-18 23:40:16
44,William Thompson,1943-12-11,gentryanthony@hotmail.com,(015)378-4306x421,"75271 Mariah Summit Apt. 509, Howardtown, WA 96420",3490704617,709958120,Unemployed,43100.57,2024-07-21 06:55:59,2024-02-15 00:31:11
45,Amy Mcguire,1948-05-31,gloria97@gmail.com,+1-141-454-9982,"036 Charles Mews Apt. 400, Lake Stephenside, AZ 87104",7777713654,951407754,Unemployed,139848.72,2025-02-14 12:07:52,2020-06-21 23:21:36
46,Craig Anderson,1996-11-14,christina91@wilson-campbell.com,+1-728-707-0609x9293,"85429 Allen Stravenue, New Nina, CT 98777",7829492127,102209887,Self-Employed,186085.77,2024-07-10 23:24:25,2024-10-25 17:11:55
47,Sheri Garcia,1989-04-10,qlane@gmail.com,2019105810,"2644 Ronnie Place, East Courtney, MA 10865",9790014782,279268926,Student,24815.96,2021-06-20 15:01:29,2024-03-23 23:38:19
48,Carol Andrade,1992-12-16,hannah85@yahoo.com,+1-949-896-6836x34969,"PSC 8847, Box 3799, APO AP 75435",9824202761,60853175,Student,195393.88,2021-06-13 16:29:19,2024-02-09 04:03:47
49,Jennifer Torres,1972-09-10,rachelboyd@foster.com,(142)208-9961,"699 Dustin Cliffs, Jimenezshire, TX 65084",6468519203,499262000,Unemployed,198669.55,2020-02-20 01:37:16,2024-12-25 06:41:28
50,Brian Allen,1971-06-06,danawalker@davis-johnson.org,602.095.8014x110,"980 Anderson Trafficway Apt. 587, Jeffreyville, DC 82836",7863876624,262752585,Retired,17354.33,2022-11-03 00:53:24,2023-07-01 20:41:15
51,Crystal Ritter,1974-05-28,bradleygarcia@rivera.org,(863)895-2652x7802,"9702 Anderson Rest Suite 073, West Martin, MA 04671",5689382689,394550697,Student,27077.01,2020-02-22 06:13:12,2024-08-29 16:44:35
52,Kristen Curtis,1963-02-04,amanda53@gmail.com,062-536-8079,"734 Pruitt Mall Suite 853, Lake Sabrinashire, WI 44846",1508996975,684556868,Student,124042.78,2021-02-10 11:19:11,2024-01-29 20:05:56
53,Michelle Montes,1948-11-05,larajennifer@lee-powers.org,(180)521-4704,"0521 Wright Stream, Hallport, OH 21952",2818660398,912087044,Unemployed,100103.14,2022-09-19 00:35:19,2022-01-13 20:02:37
54,Gregory Boyd,1946-05-04,robinpearson@gmail.com,431-217-3967,"443 Melissa Lights Apt. 817, East Ashley, OH 11455",2724980873,833128015,Employed,199781.19,2024-01-07 12:27:18,2022-07-21 23:05:59
55,Nicholas Gay,2004-12-25,ecook@bush.com,001-789-612-0778x0738,"65728 Kristen Tunnel, North Ashleyton, TX 76942",3168296572,638890287,Student,38594.76,2024-07-11 20:53:24,2023-10-02 06:44:42
56,Barbara Romero,1942-12-30,bwood@gmail.com,847.766.1281x20080,"273 Lee Landing, Stuartshire, NC 93836",552458733,49677178,Student,133056.57,2024-06-12 16:29:51,2023-10-07 19:43:17
57,Michelle Brown,1976-04-29,hallchristopher@molina.com,+1-247-154-0676x708,"9379 Wilson Springs, Monroemouth, WA 38553",2999155490,594914606,Retired,93155.5,2020-06-16 14:28:51,2024-08-11 08:30:45
58,Richard Everett,1941-07-10,zharris@byrd-watson.info,907.542.3097x54601,"9026 Thomas Stream, Port Michael, CO 21627",1043841164,948415859,Employed,11122.03,2021-08-28 05:31:29,2021-07-19 06:47:33
59,Gregory Nelson,1961-03-21,taylor25@hotmail.com,(988)724-1751x800,"04461 West Spurs, South Kendra, IL 19089",5057659316,646836780,Unemployed,77791.05,2024-07-09 02:31:08,2020-03-25 11:26:18
60,Jonathan Huffman,1962-09-20,acook@palmer-ward.com,(966)788-8438,"376 Ray Groves, Lake Cynthiaberg, NJ 42242",7901243917,313801273,Student,54508.91,2020-05-22 09:30:42,2022-06-05 16:48:39
61,Thomas Harvey,1959-05-04,stacy00@gmail.com,719-890-3752,"95569 Murray Bridge, Kristinborough, IA 92908",385262677,234864468,Unemployed,108448.21,2020-07-18 17:11:02,2020-09-07 02:32:57
62,Jason Jones,1938-07-14,katherine51@henderson-wheeler.com,(877)174-7935x66561,"6800 Smith Spurs, Gallowayside, NM 09676",769284270,568989013,Student,23310.75,2024-07-14 04:47:11,2020-08-16 02:28:20
63,Lorraine Davis,1969-01-18,williammoss@thomas.com,896.354.1626,"USCGC Larson, FPO AE 42319",8983546777,30981707,Unemployed,12307.43,2021-01-30 15:18:57,2021-07-20 08:26:33
64,Sarah Freeman,1962-08-21,john61@mejia.com,6807241829,"26367 Jennifer Ways Apt. 192, Woodview, WA 82214",2834987472,892267644,Employed,61500.1,2020-05-20 17:29:40,2021-07-06 20:11:16
65,Theresa Cole,1955-08-04,thomasbrennan@yahoo.com,284-358-1133,"318 Amanda Passage Apt. 078, West Evan, MO 85455",9483970305,151966248,Unemployed,153298.17,2023-12-07 03:24:59,2023-08-08 15:04:49
66,Jeffrey Smith,1934-10-07,amymcconnell@hotmail.com,+1-981-847-2415x12199,"4149 Smith Isle, Lake Scott, OK 88214",1050308062,512300183,Retired,92830.43,2020-09-21 00:52:47,2025-01-07 13:35:01
67,Benjamin Davis,1978-02-21,jackkemp@yahoo.com,+1-672-770-8110,"5214 Justin Fords, Bridgetchester, ID 23673",3404675299,59966597,Self-Employed,119623.92,2020-03-03 14:28:19,2021-08-07 21:10:11
68,Tara Solis,1995-04-08,wayne06@yahoo.com,(672)280-4117x5683,"14689 Frost Isle Suite 727, Bishopborough, DC 71699",7797105360,811870686,Unemployed,122283.53,2020-12-22 18:19:02,2023-04-08 02:14:11
69,Jeffrey Anderson,1964-12-02,richard87@yahoo.com,(526)701-9749x2909,"12314 Tina Plaza Suite 649, Mercerborough, WA 62198",29918675,679020176,Self-Employed,144482.41,2020-12-29 17:35:51,2023-12-06 11:38:51
70,Sarah Torres,1986-12-20,michaelsharp@hotmail.com,101.135.7372x82724,"37438 Jessica Rue, Lake Christopher, TN 05953",7786237346,985903864,Employed,103441.11,2022-01-07 09:48:21,2020-04-27 20:12:29
71,Paul Stewart,1992-10-11,jreid@mitchell-adams.com,+1-736-833-2957x7617,"10788 Michael Ways Apt. 639, Baxterview, IN 05721",6981061338,802973310,Unemployed,173580.96,2021-06-23 08:01:40,2020-03-08 12:01:17
72,Virginia Massey,1972-09-27,rayala@gmail.com,(052)210-7936x74197,"7245 Brady Square, North Eric, KY 15272",9792296288,901401712,Unemployed,48315.75,2022-09-18 05:27:34,2022-07-25 06:20:13
73,Mariah Berry,1972-07-28,christine93@gmail.com,+1-635-748-2284x49604,"Unit 8607 Box 6971, DPO AP 30495",1164951679,754159656,Employed,187571.2,2020-08-12 12:40:23,2024-06-09 20:00:29
74,Lisa Henry,2002-10-02,hendersontheresa@hotmail.com,052-291-6920x406,"45387 Heather Junctions, North Antonio, KS 01156",1691007835,373045849,Retired,197916.47,2024-06-25 10:42:22,2022-01-03 02:18:49
75,David Campbell,1962-10-08,holly44@gmail.com,720.241.7281,"539 Dominguez Dale, West Leahtown, NC 65640",3428223502,17218249,Employed,22935.22,2022-07-04 07:02:13,2023-03-07 04:26:34
76,Richard Johnson,1938-05-01,danielstiffany@boyd.com,001-905-769-1516x4260,"881 Jessica Mountains Apt. 847, Gonzalezshire, OH 91012",7942806317,285336187,Self-Employed,135917.95,2022-08-25 00:16:29,2021-11-07 01:25:03
77,Leslie Patton,1978-08-07,sharplisa@yahoo.com,001-962-502-7312x32050,"530 Norman Drives Suite 468, South Elizabeth, KY 49514",3625369298,555092228,Employed,64328.94,2024-10-11 03:53:53,2022-05-26 16:19:28
78,Alexa Nelson,1975-06-20,molly46@hotmail.com,412.225.2392x02119,"7633 Moore Creek, Martinview, DC 79924",915499220,209346957,Student,109122.97,2020-12-14 16:07:23,2022-07-07 12:50:17
79,Randy Hamilton,2006-10-02,bettygarcia@yahoo.com,104.648.3229x02298,"7860 Burton Stravenue, Mccoybury, AL 80869",7787918029,711228512,Retired,182391.32,2021-02-03 10:03:52,2023-11-03 21:45:16
80,Teresa Edwards,1976-05-16,vtorres@yahoo.com,473-689-2872,"92200 Holt Knolls, Watersport, IL 11271",5932821187,839633586,Self-Employed,51274.69,2020-03-25 06:05:33,2021-05-26 13:51:44
81,Kenneth Mathews,2001-07-12,ythompson@hotmail.com,(513)385-7371,"462 Pratt Knoll, Lake Yolandaport, NH 96194",9966786668,263140494,Employed,56773.56,2024-01-29 16:06:18,2023-02-03 14:56:44
82,Wendy Miller,1964-02-05,whitney37@peterson.com,(899)498-5800x14839,"3686 Keith Prairie, Houstonberg, WA 04587",175629467,342182220,Student,145120.67,2021-11-14 13:50:22,2021-03-20 22:18:19
83,Brandon Chavez,1947-03-26,matthew14@hotmail.com,+1-036-733-5336x1251,"896 Michael Summit, Jessicaside, NE 86407",1821041269,51242140,Retired,168238.88,2021-01-27 19:04:14,2020-05-24 13:06:41
84,Bethany Eaton,1974-05-09,johnsonjennifer@gordon.info,001-924-538-2959,"20750 West Extensions Apt. 099, Hoffmanstad, NJ 70803",2155155043,689639584,Self-Employed,29930.6,2024-09-22 00:01:13,2022-08-10 17:50:15
85,Ryan Garrett,1977-10-16,hmoore@hall.com,880-632-1457x1344,"24757 Sullivan Expressway Suite 733, Lake Cherylchester, MA 08285",8520370660,931651053,Employed,182028.59,2022-09-09 03:55:57,2020-04-13 18:19:10
86,Stephen Williams,1967-09-03,arthuredwards@yahoo.com,+1-004-339-4905x70918,"70639 Hernandez Fords Apt. 057, West Isaac, IA 80480",3235701223,47745174,Retired,181186.07,2021-10-08 09:34:34,2022-08-20 06:48:45
87,Kathryn Gilbert,1971-06-27,andersonnicole@hotmail.com,(838)487-4942,"112 Jacqueline Coves, North Ryanborough, DC 36489",4830748798,458162070,Retired,92321.04,2020-03-22 19:49:14,2023-11-12 17:29:45
88,Nancy Townsend,1950-06-27,kylerose@yahoo.com,+1-927-814-9298x3983,"49070 James Way Suite 817, Port Jasonfort, VT 79585",4523716618,439684890,Student,23759.05,2022-09-08 06:13:42,2024-07-21 02:10:43
89,Elizabeth Chan,1944-01-04,amberrodriguez@gmail.com,542-724-0394,"PSC 3299, Box 6517, APO AP 26408",7239369570,602049208,Employed,147913.04,2021-07-10 11:08:00,2024-04-02 21:41:06
90,Jack Thomas,1974-11-16,brianfigueroa@taylor-black.com,001-345-379-3122x980,"USNS Doyle, FPO AE 69302",1302029932,363293914,Student,36518.24,2023-06-09 16:08:57,2024-10-12 02:23:34
91,Robin Kent,1943-07-27,vanderson@terry.com,001-601-292-3360x55238,"824 Robin Ford Suite 849, Angelchester, ME 12919",1078782766,414363074,Student,75613.47,2024-10-15 01:58:51,2022-08-04 12:16:39
92,Dawn Jackson,1968-12-15,nicholas29@hotmail.com,001-599-103-5883,"09996 Harris Roads Suite 164, Lifort, DC 23955",5720522375,270337931,Employed,63979.61,2020-03-06 06:03:47,2021-01-14 22:57:17
93,Linda Marquez,1944-04-06,robinsonmichele@rivera.net,7888716326,"516 Cole Plaza, East Kyliechester, RI 71716",2699199354,248110139,Employed,97927.46,2022-12-20 05:39:13,2024-01-19 23:49:26
94,April Jones,1935-01-15,casey78@keller-goodwin.info,001-826-726-3827,"210 Dawn Estate, South Johnny, WA 81115",1117399483,571835571,Retired,35026.88,2021-12-18 11:57:04,2020-04-22 19:26:03
95,Melanie Mendoza,1964-11-21,xmcclure@hall.com,+1-317-701-5775,"USNV Lang, FPO AP 38783",1384274697,674447310,Retired,44098.66,2021-01-18 11:20:37,2022-04-06 20:19:09
96,Natalie Mahoney,1962-08-19,qrobinson@hotmail.com,765.904.6683,"324 Bradley Orchard Suite 129, West Shelly, WV 72619",6416662140,664740750,Self-Employed,132266.19,2024-06-03 12:37:22,2021-03-08 03:14:50
97,April Butler,1953-07-24,kimberlymartin@hotmail.com,419.576.1387x3810,"91361 Lewis Turnpike, Lake Robertburgh, HI 22772",2410618754,825658252,Self-Employed,75471.39,2024-04-05 23:11:38,2025-02-17 01:24:19
98,Keith Reyes,1960-03-12,hernandezeric@gallagher.com,(238)181-5939x448,"10340 Moore Villages Suite 529, South Jeffrey, KS 98453",5093215447,724862292,Retired,164446.23,2022-01-26 12:01:41,2024-01-03 06:51:50
99,Wesley Stevens,1988-12-07,weaverkarl@ruiz.com,708.583.1086x67418,"29383 White Dale, Sandraview, DE 73347",8339587240,459851735,Employed,42926.64,2023-04-13 16:54:53,2022-08-25 16:47:17
100,Karen Brown,1972-05-08,brandonstewart@gmail.com,0162144293,"99967 Hudson Road, East Philipton, LA 87595",6825844002,202296438,Unemployed,64479.47,2023-04-01 15:37:47,2022-02-04 23:35:46
101,Jason Collins,1972-04-24,greenbradley@mcgrath.com,001-057-965-8969x1729,"0150 Crosby Lodge Suite 524, South William, OK 43546",8521490472,159221893,Student,136621.71,2023-07-07 06:50:18,2024-03-04 17:14:26
102,Kimberly Anderson,1994-06-27,glenda33@smith.com,(859)880-5868,"12900 Jesse Stravenue Apt. 025, North Donnafort, MI 06483",8912333133,30056429,Unemployed,133095.75,2021-04-30 07:33:46,2021-04-29 05:44:21
103,Margaret Rubio,1938-02-09,michael54@tate.info,820.748.4564,"262 Michael Corner Apt. 104, New Heatherhaven, OR 04085",5734046487,767830920,Student,118120.44,2024-10-22 00:35:23,2020-11-15 10:26:26
104,Adam Patterson,1956-05-17,annereyes@gmail.com,635.546.2350,"567 Chavez Pike Suite 722, East Stephen, IN 74222",4418080817,64111014,Retired,161593.95,2024-01-26 20:43:40,2025-02-13 00:03:18
105,Ian Rosales,1949-03-12,james25@douglas-peters.com,(137)759-4492x5771,"59141 Melissa Curve Apt. 200, New Molly, LA 91633",1905461498,237579765,Retired,114569.52,2022-02-21 16:29:18,2023-01-23 13:35:45
106,Brian Clark,1953-09-30,nicole73@gmail.com,848.339.0128x760,"323 Proctor Centers Apt. 779, Danielport, NV 65459",5437046799,206925683,Unemployed,178998.21,2022-11-11 05:29:59,2023-04-16 23:30:30
107,Stephanie Cochran,1983-04-15,gshelton@mccarthy.com,448.501.9482x99992,"83841 Drew Centers Apt. 198, West Seanburgh, CO 18086",8436226385,928633137,Self-Employed,37117.99,2020-08-22 15:23:58,2021-08-29 09:55:53
108,Pamela Mccullough,1945-02-15,oconnormichael@yahoo.com,(714)180-4153x36263,"7088 Kelley Union, New Lauriechester, OH 97872",7887691703,332243971,Student,134226.2,2020-02-04 16:51:16,2023-04-12 13:56:34
109,Misty Diaz,1971-04-30,aaronwhite@good-rosales.com,(046)684-6339,"Unit 7368 Box 0398, DPO AE 92275",7431598157,686378394,Self-Employed,31943.58,2023-11-16 21:08:58,2020-07-01 21:47:36
110,Ryan Moore,2006-05-13,mitchellbilly@johnson-avila.com,238.311.6509,"777 Danielle Skyway Suite 896, New Danielleview, WV 28948",2346208139,563336447,Self-Employed,65170.56,2023-05-03 09:02:00,2020-04-29 08:43:03
111,Glen Long,1986-07-03,robyn49@gmail.com,314.513.8431x56163,"04523 Jason Landing Apt. 602, South Anna, GA 34770",8132650476,451886887,Student,38651.45,2024-01-02 13:16:14,2022-01-04 20:10:46
112,Elijah Murphy,2004-10-01,romerokenneth@hotmail.com,481.947.5025x4149,"72920 Mcintyre Inlet Apt. 264, Port Davidmouth, MD 95330",8599371362,175994090,Student,92847.78,2024-11-22 04:26:07,2024-06-03 12:44:06
113,Tanner Levy,1939-11-11,lhaney@gmail.com,+1-454-724-2759x44495,"Unit 9654 Box 6978, DPO AA 14819",745209054,303312982,Retired,185103.56,2020-10-14 22:05:18,2023-02-21 18:02:12
114,Hailey Davis,1978-08-20,yacosta@gmail.com,+1-724-692-9082x922,"7636 David Brook Suite 856, North Michael, KS 83200",2152885456,20889013,Retired,62346.74,2024-06-04 23:50:46,2021-10-25 19:44:57
115,Gerald Moore,1939-07-28,norrisjacob@johnson-merritt.com,(330)300-9920,"4149 Mcguire Inlet Apt. 887, Victortown, CT 56857",9504683214,122661016,Employed,130020.71,2024-12-17 06:54:30,2020-10-12 12:12:34
116,Corey Gonzales,1999-08-19,audrey77@barber-chavez.info,220-567-8055x953,"49638 Evans Shoal Suite 204, Sarahview, MS 79648",4669195454,956892107,Unemployed,19911.52,2020-03-26 12:34:38,2021-10-21 15:44:59
117,Scott Ryan,1954-11-20,derek70@anderson.com,001-971-897-6213x943,"477 Lara Mount, Port Daniel, PA 01870",7782934075,783100257,Student,80680.27,2020-10-14 00:55:33,2023-08-25 01:22:12
118,Jennifer Dyer,1938-09-04,kevinmorales@hotmail.com,(654)700-2337x164,"81148 Mark Lakes, Amyview, AZ 84634",3836337971,155561661,Unemployed,25338.33,2024-12-27 05:54:02,2021-08-14 20:19:42
119,Charles Ortega,1955-10-27,tfigueroa@smith.org,(146)451-9637,"Unit 6717 Box 4914, DPO AP 05884",7280744776,944738569,Retired,173949.42,2024-06-18 20:11:48,2024-10-09 03:21:17
120,Courtney Snyder,1993-08-02,sarah37@yahoo.com,452.403.5632,"83865 Robbins Shoals Suite 961, South Michael, IN 41209",5906870925,381125277,Unemployed,180537.61,2023-04-24 23:25:52,2020-06-04 00:13:27
121,Robert Thompson,1996-09-25,aguirrelauren@hotmail.com,(385)982-5679x6927,"90359 Jennifer Viaduct, North Lorifurt, WA 48469",8225883759,203384651,Employed,66039.41,2022-10-13 10:44:36,2024-12-19 16:34:40
122,Shelby Roth,2001-04-18,jennifer51@hotmail.com,061-805-8198,"5475 Daniel Crossroad, East Andrewchester, MT 10133",9713803618,749551588,Student,109320.63,2023-09-01 15:00:16,2021-04-16 15:00:40
123,Andrew Martinez,1947-07-18,elizabeth50@wagner.info,(560)341-2303x81336,"130 Chang Summit, Lowefurt, AK 76514",781046961,231710239,Student,193458.31,2022-09-23 13:18:00,2021-04-22 04:47:12
124,Robert Booth,1941-07-01,hunterjustin@harris-mahoney.net,(726)413-3553,"3230 Danielle Forest, Petersonville, CT 49289",8882638803,101929640,Unemployed,177100.64,2024-04-30 01:24:22,2024-09-27 12:07:52
125,Heather Maxwell,1965-02-15,victoria52@smith.info,281-225-2518x2866,"7321 Carpenter Station Suite 435, New Debra, IN 91441",6262338261,145578179,Student,153067.78,2021-05-07 11:55:58,2024-11-30 04:19:33
126,David Rice,1996-02-26,stacey24@gmail.com,+1-355-238-6964x7809,"785 Benjamin Walk, East Michael, OK 04875",249609324,989685476,Unemployed,100932.29,2020-10-25 01:10:29,2023-04-30 11:19:17
127,Morgan Sellers,1962-09-09,ernestbrown@hotmail.com,096-882-5514x56249,"69008 Ashley Parkway, Bradleybury, OK 90079",6090695560,956904703,Unemployed,20902.65,2024-09-21 07:56:17,2024-01-15 19:57:35
128,Bruce Roberts,2003-03-03,yholloway@hotmail.com,167-157-7399x7333,"59215 Bryant River, Gallagherfurt, KY 72827",6118362311,977847833,Student,165866.12,2020-08-06 14:17:18,2020-12-22 17:26:41
129,Kaylee Gutierrez,1951-08-16,amandajohnson@hotmail.com,669.232.9893x210,"Unit 1442 Box 3476, DPO AP 08484",8233006696,636055505,Student,77435.19,2021-01-05 21:26:04,2024-01-06 03:09:07
130,Trevor Maxwell,2003-09-08,tarahogan@gmail.com,063-834-0209x7311,"94980 Peterson Turnpike, North Patricia, CT 65782",2970317464,273778512,Unemployed,43867.44,2024-07-13 07:34:07,2020-03-04 15:23:16
131,Laura Silva,2002-12-06,tammyscott@gmail.com,929-029-1498x78027,"22618 Kim Mountain, West John, CT 37836",5035537763,573514987,Retired,89597.04,2022-12-04 16:13:50,2024-02-04 20:38:03
132,Anthony Salinas,1940-01-09,elopez@lynch-adams.net,(235)039-7673x43614,"164 Eric Forest Suite 391, Port Andrew, IL 32585",4798630870,918311346,Student,33162.73,2023-09-06 21:36:22,2022-11-21 07:44:40
133,April Velasquez,1971-04-11,paul21@yahoo.com,033.001.1213x163,"5767 Robert Shoal, North Daniel, RI 88567",2180783968,606365214,Unemployed,171477.71,2022-02-21 20:30:47,2021-10-26 03:11:54
134,Jimmy Bass,1960-04-28,wilsonandrew@hotmail.com,(714)569-7150x456,"1413 Howard Plains, Natalieton, HI 25928",1257438818,573915054,Self-Employed,188784.98,2020-11-23 13:03:49,2020-12-17 16:43:47
135,Veronica Grant,1935-12-12,amy91@hotmail.com,897-273-2706x45192,"8578 Kristin Points, Port William, MT 92586",8113930674,938560696,Retired,56002.22,2024-10-07 11:47:39,2021-05-12 00:04:28
136,Nathaniel Nguyen,1943-10-28,erodriguez@hotmail.com,299.086.9324x1731,"31783 Kimberly Brook Suite 492, North April, NY 39844",1795703382,823001746,Student,100843.73,2021-02-27 15:22:22,2023-04-03 01:28:39
137,Jennifer Wyatt,1977-02-16,kevin39@murphy-burton.com,001-899-675-1406x625,"542 Gutierrez Summit Apt. 905, Hendersonmouth, GA 30408",8197121525,167728257,Retired,144230.72,2021-02-25 13:57:45,2022-01-13 01:15:07
138,Katrina Mcguire,1956-01-13,jeffreyhayden@copeland.info,+1-207-034-5001x714,"65901 Wright Well, East Jacobstad, VA 28861",9693074571,178094191,Unemployed,52873.55,2021-08-09 23:40:41,2023-12-02 06:57:56
139,Mary Tanner,1954-02-05,mjohns@yahoo.com,(900)120-1430,"5103 Cantu Crescent, Lisahaven, DE 49706",5316919361,929145682,Self-Employed,137553.66,2020-06-13 19:03:10,2022-11-26 18:15:55
140,Toni Carter,2001-06-17,yjones@lee.biz,+1-903-578-1701x7627,"907 Donald Pine, West Kenneth, MA 06804",1117130060,584876894,Student,85218.08,2022-03-05 10:01:01,2024-07-03 17:19:43
141,Mr. Dale Pennington,1989-05-28,jonesryan@yahoo.com,+1-623-522-1943,"167 Bradley Ridges Suite 606, North Paulberg, HI 33628",4023469515,462829201,Retired,166601.18,2020-09-19 05:15:19,2021-06-01 22:07:02
142,Sabrina Edwards,2005-11-27,lawrencejohn@gmail.com,(122)893-7365,"PSC 4097, Box 4818, APO AP 77080",244036687,701381009,Self-Employed,30133.16,2020-06-13 19:03:16,2022-01-08 16:13:07
143,Anthony Harris,1936-02-10,clarkstephanie@miller.com,942.576.2785x421,"42002 Katherine Course, East Lance, AZ 32463",1603748553,404679560,Retired,119582.26,2025-01-16 22:55:51,2024-04-24 20:25:54
144,Billy Smith,1968-05-12,chenleslie@yahoo.com,623-679-5694,"Unit 1332 Box 8354, DPO AE 20148",8172527301,206362562,Unemployed,42974.76,2020-05-14 00:18:51,2020-06-14 04:34:57
145,Deanna Wise,1943-12-10,victor34@hotmail.com,295.126.6268x435,"538 Ryan Garden Apt. 616, North Kevinbury, VA 01310",5760815894,642357094,Student,85357.5,2020-07-20 06:24:02,2023-06-04 17:34:18
146,Jennifer Chan,1981-06-30,andrew45@hotmail.com,5500688343,"493 Tammy Forges Apt. 047, Nancyport, MD 88537",5104976391,596997221,Employed,178808.92,2020-03-12 02:27:00,2024-06-20 09:38:14
147,Laura Sanchez,1971-03-22,tolson@cole.com,6381793770,"32128 Adam Parks Apt. 679, Lake David, LA 45532",2383646712,723713492,Self-Employed,72952.06,2022-02-03 06:24:22,2020-11-19 20:19:15
148,Ashley Page,1992-12-18,kelly42@knox.com,3437828264,"8701 Patrick Creek Apt. 767, East Laurafort, GA 32609",8705847224,463179791,Self-Employed,188684.84,2021-02-28 04:11:09,2025-01-10 21:10:10
149,Amy Coleman,1976-09-19,jacksoncolleen@hotmail.com,356-658-2456,"Unit 2137 Box 8590, DPO AP 68189",590795792,282357088,Self-Employed,160003.76,2020-08-20 01:24:56,2020-05-21 04:55:57
150,Katie Torres,1954-05-02,johnsontyler@scott-palmer.info,+1-635-961-8977x366,"3483 Laura Center, South Robert, DC 21014",1356829141,740331005,Retired,133206.32,2021-01-11 02:54:24,2023-02-04 18:18:14
151,Kyle Hernandez,1995-05-02,spearsroger@hotmail.com,893-938-6358x5291,"119 Hebert Terrace, Sloanborough, ME 93312",6450634992,692052494,Employed,63060.46,2022-09-04 08:45:37,2022-09-17 21:11:21
152,Dale Butler,1969-04-25,hollybenjamin@hotmail.com,001-973-667-4326x53767,"0290 Joshua Branch Apt. 041, Lake Ryantown, WA 71583",5655306589,826784430,Unemployed,181375.84,2022-10-07 10:34:57,2022-07-19 14:24:58
153,Susan Webb,1995-10-29,dawn73@gmail.com,+1-549-331-7488x8631,"3319 Megan Course Suite 236, Port Jameston, WV 67880",9597968369,316230781,Employed,66236.63,2020-06-10 17:38:19,2020-01-05 13:51:49
154,Alicia Campbell,1941-11-26,michaelhernandez@miller.biz,110-807-3149x25304,"636 Ashley Lodge, Lake Evan, MN 51854",267054029,976408358,Retired,191681.04,2025-01-16 14:45:36,2021-08-09 11:43:48
155,Derek Flores,1966-10-20,moniquemartinez@yahoo.com,001-835-279-4659,"35007 Heather Vista Suite 179, Pennyfort, RI 11109",3748669397,169684488,Student,142929.22,2024-03-26 04:07:46,2020-02-19 01:08:19
156,Anna Long,1964-05-29,robinsoncaroline@gmail.com,001-874-936-6390x397,"8071 Wilson Rest Suite 852, Briannamouth, KS 02496",4735795402,118942559,Student,51459.59,2023-03-12 14:46:27,2020-08-28 03:22:41
157,Lindsay Lewis,2000-04-07,jackharvey@cook.com,011-744-3259x59256,"428 Denise Ways Suite 991, Mathistown, CA 77886",8226551865,967403180,Student,147957.05,2021-06-11 09:41:16,2020-05-01 16:21:04
158,Mr. Frank Arroyo,1982-12-07,ofarley@guerra-lee.biz,(183)225-2048x8523,"4069 Davis Rapid Apt. 991, North Brian, GA 32406",6689610298,116192933,Retired,160290.91,2024-01-15 11:04:31,2022-10-24 06:15:41
159,John Patterson,1994-11-16,hoodkristin@herrera.com,001-470-393-6623x89048,"74019 William Dale Suite 485, Port Jameshaven, RI 34606",8189648063,859157296,Student,43352.85,2024-11-12 06:17:05,2024-04-10 11:13:45
160,Tiffany Guerrero,1995-07-28,erica58@gallagher.com,+1-085-500-7660x17597,"4241 Watson Ramp, New Susan, AL 07173",1478455600,266711012,Student,26207.91,2020-11-29 11:47:46,2020-10-03 07:11:25
161,Anne James,1984-08-27,kurtjohnson@hall.biz,+1-347-118-0640,"323 Orr Extensions, Brownside, TN 95814",6366679692,564006563,Self-Employed,179350.78,2023-08-04 07:03:26,2024-11-10 19:11:08
162,Patricia Jordan,1966-01-17,scottrivers@carter.biz,347.316.1165,"90875 David Pike, Barnettview, NJ 46995",6835145001,653892873,Employed,145644.21,2021-11-24 19:54:24,2021-03-19 14:06:08
163,Kayla Camacho,1934-05-08,rbailey@gmail.com,001-352-134-3028x68979,"296 Christopher Fork, Mooreport, WY 90760",4346352970,979190957,Student,30347.32,2021-02-06 09:56:41,2021-02-14 12:41:21
164,Richard Montoya,1955-08-01,roberttorres@gmail.com,(953)021-0891x08822,"Unit 9683 Box 0766, DPO AA 48755",3479745293,889643066,Self-Employed,90257.74,2022-08-03 00:58:00,2023-06-28 01:57:33
165,Megan Sullivan,1954-02-24,linda42@short-harris.com,025-085-7239,"136 Connor Stravenue Apt. 155, East Rodney, CA 35062",3219680370,671374443,Retired,96655.53,2022-12-13 14:56:56,2023-07-16 05:56:18
166,Susan Moore,1960-10-30,oconnorstephanie@yahoo.com,(054)825-6112,"74280 Kristi Pass, West Brianburgh, PA 37761",9268658880,671189974,Employed,146628.13,2024-08-20 01:56:18,2022-06-27 17:29:28
167,Christina Miller,1963-04-17,garciaann@gmail.com,611-426-6727x49101,"853 Shannon Islands Apt. 134, Marquezside, AR 46406",5634982378,228601957,Student,112313.86,2020-12-13 07:59:05,2021-01-29 15:56:29
168,Lauren Diaz,1997-10-23,carlafreeman@murillo-gutierrez.com,522.836.7878x0220,"6844 Williams Mountain, Lake Richard, TX 61195",6865507475,818275166,Unemployed,19539.26,2024-04-10 09:52:40,2021-07-31 06:04:05
169,Nathan Robertson,1963-07-05,taylor35@hotmail.com,001-438-235-1276,"2326 Jack Street, Riostown, TN 01303",9973743447,587946158,Student,30730.78,2021-03-17 23:34:49,2023-09-07 19:17:27
170,Louis Hudson,1942-01-08,randy14@gmail.com,001-304-885-3009x461,"3047 Powers Rue Apt. 411, Taylorshire, IL 77271",3713499456,358193996,Student,49542.68,2021-09-05 05:07:41,2023-02-10 17:32:53
171,Haley Green,1998-11-06,tylercruz@fox.net,440.948.4433x1005,"7298 Zimmerman Meadows Apt. 028, Aliciamouth, MD 94396",7178056830,342746546,Unemployed,111377.3,2024-05-14 09:25:04,2022-02-15 14:09:47
172,Michael Cardenas,1950-04-29,kimberlyphelps@hotmail.com,(630)648-1839,"422 Micheal Unions, Deniseberg, NY 14065",8499200343,885279558,Unemployed,173647.2,2023-12-30 07:51:08,2021-06-03 09:10:14
173,Felicia Mccarthy,1998-06-25,jacquelineperry@jensen.com,561-373-5048x58659,"8919 Patricia Views, Lake Garyhaven, SC 14818",7970659515,271135909,Retired,32528.9,2021-04-09 11:00:47,2021-06-18 11:56:25
174,Ann Robinson,1969-11-05,ptorres@mathis.biz,(131)535-0054,"870 Lawrence Lights Apt. 354, West Linda, CO 93792",650867388,129241297,Student,118231.89,2024-12-27 10:27:03,2024-06-02 15:00:44
175,James Wade,1934-08-30,kanederrick@schneider.biz,5105433118,"83742 Hall Causeway, West Deborahland, CA 49049",6185907877,255797612,Employed,69051.06,2021-01-08 11:34:39,2024-01-22 01:15:17
176,Jacob Mcdaniel,1952-02-03,kschmidt@yahoo.com,(837)470-1327x34239,"47201 Julia Turnpike Apt. 662, Adamland, WY 29543",509597554,803738848,Unemployed,155744.76,2020-03-03 12:20:21,2023-05-15 18:08:30
177,Lisa Jones,1974-07-22,michaelawilliams@gmail.com,369-772-4652,"750 Melanie Neck, Debbieside, KY 87269",7006141289,599786062,Student,61566.79,2023-12-06 01:57:05,2024-01-02 22:54:30
178,Brian Decker,1965-08-22,preynolds@gmail.com,(309)068-2245,"Unit 6637 Box 5417, DPO AA 60656",4971642753,334831223,Retired,160004.84,2023-03-30 22:51:04,2023-06-25 04:34:08
179,Latoya Weber,1968-02-12,fredlopez@hotmail.com,+1-672-800-2073x8496,"96081 Page Center Suite 001, Tiffanyhaven, AK 42669",5009355969,890022346,Employed,47047.56,2021-02-05 14:36:08,2022-06-30 23:58:07
180,Caleb Rivers DDS,1975-04-14,mmassey@moore.net,877.279.3419x859,"92783 Andrea Circles Apt. 651, Georgefort, OR 40581",2674889770,64180070,Employed,167536.03,2023-06-24 17:07:04,2020-12-12 01:35:16
181,Joshua Berry,2004-06-11,frazierdeborah@mcgee.biz,+1-156-988-5336x8935,"9511 Baldwin Street Suite 843, New Charlottestad, NY 57352",9395954658,992180928,Employed,116389.27,2024-10-09 15:31:50,2022-12-13 19:08:43
182,Tammy Benjamin,1981-08-14,zmurphy@ramos.biz,407.150.4129x855,"8171 Andrew Summit, West Bobby, AK 26674",4888384969,715371348,Student,133568.68,2021-01-20 07:30:21,2021-03-04 06:19:26
183,Jennifer Evans,1938-08-27,gonzalezerica@castillo-murphy.info,+1-606-592-7555x5310,"USS Patterson, FPO AP 87836",5066893013,32620692,Self-Employed,12907.74,2020-04-01 14:35:28,2021-01-16 21:12:32
184,Theresa Jones,1949-09-18,jacquelinespencer@hotmail.com,426-235-2151,"403 Myers Well, Port Victoriatown, OR 48126",4013065411,637641786,Student,175313.5,2023-01-05 07:44:49,2023-07-30 21:12:17
185,Yvonne Pacheco,1937-03-31,christopherruiz@garcia.org,705-609-0244x33031,"1257 Washington Groves Apt. 435, Cameronburgh, UT 66871",200536980,169010250,Student,162002.4,2024-07-08 19:07:14,2022-06-19 12:05:14
186,Julia Jones,1978-05-02,nicole78@schneider.com,(469)813-7500x72577,"USNV Simmons, FPO AE 88349",6698914335,216954293,Self-Employed,122158.55,2023-08-27 07:27:59,2024-02-21 19:47:55
187,Sarah Salas,1980-02-03,tonya33@ball.net,001-836-576-2090x8965,"09584 Jerry Skyway Suite 006, Lake Thomas, DE 26640",8829053862,445328648,Unemployed,147305.82,2024-03-28 13:25:26,2022-01-14 08:13:35
188,Evan Vincent,1950-06-01,aaron27@mann.com,+1-249-590-8019x35542,"4642 Rebecca Row, Gracemouth, SC 31764",223582646,948551043,Unemployed,186768.26,2022-06-28 12:42:04,2022-02-28 23:51:43
189,Sherry Jackson,1984-06-16,jhall@gmail.com,001-857-627-2896x6992,"9406 Alicia Summit Apt. 355, Lorichester, NV 67065",5183332864,502190453,Employed,133152.75,2023-07-25 23:37:52,2022-08-31 21:39:07
190,Christina Bishop,1976-01-18,wilsonjames@yahoo.com,(481)870-5452,"39124 Michael Parks, Josephburgh, VT 25317",4317161433,797713980,Student,68012.42,2023-03-14 01:33:40,2024-04-16 14:34:47
191,James Watson,1967-12-21,josephbeasley@thompson.info,(701)899-2870x3590,"4241 Garrett Plaza Apt. 916, Port Christopher, MA 16403",6627496456,624806864,Student,183218.2,2022-07-16 13:37:11,2022-06-14 02:20:40
192,Douglas Austin,1970-10-19,rodneymurphy@martinez.com,237.245.3201x9103,"776 Brennan Place, Dennisshire, MI 40863",2713791652,44192128,Retired,176954.06,2022-09-20 09:45:14,2022-01-08 14:25:05
193,Rachel Clark,1941-01-06,cooklisa@barber.info,(644)494-4349,"126 Hess Village, Port Brian, MD 15972",6475804955,101636627,Self-Employed,70646.38,2022-08-08 16:31:39,2020-10-26 03:29:47
194,Joshua Hensley,1959-04-22,jhill@edwards-walton.com,(777)520-1778,"3421 Jennifer Port, West Amandaport, AZ 51047",3922678092,627872914,Self-Employed,35634.4,2020-03-09 07:56:02,2021-11-03 06:31:54
195,Virginia Norton,1965-07-08,taylor93@ali-cunningham.info,920.869.6967x49963,"522 Sonya Garden, Staffordhaven, OK 19962",3814029604,855017102,Unemployed,116428.18,2021-06-16 09:40:36,2021-09-17 11:24:51
196,Catherine Garza,1935-08-13,mcknightjames@hester.biz,279-848-3514x6102,"52052 Logan Court, South Veronicaburgh, NJ 79413",5537187241,929801012,Employed,37264.2,2023-02-25 03:11:44,2020-05-11 10:10:41
197,Jennifer Jones,1965-01-17,michael24@hotmail.com,855-783-4903x8634,"031 Moreno Highway Suite 625, North Daisyton, MN 44372",7680474138,587202087,Unemployed,114650.22,2020-09-23 11:32:06,2021-02-16 06:52:43
198,Laura Walker,1953-12-20,wbarnes@huynh.org,001-069-073-0507x111,"999 Sutton Cliff, South Michael, MD 12958",273223976,685888125,Unemployed,20316.9,2020-11-10 13:38:23,2024-07-11 01:31:45
199,Charles Austin,2002-03-15,michaelsmith@shaw.org,(854)001-0984,"57169 Robert Meadows, West Jenniferstad, MO 10420",3748820906,878464537,Unemployed,18178.91,2021-12-02 08:25:12,2021-10-18 05:25:05
200,Zachary Bowman,1970-08-02,clarkmitchell@smith-rivers.info,(587)902-8834,"84302 Jennifer Villages Suite 270, Kellyfort, AR 12259",1385990325,612933613,Retired,40132.31,2023-06-07 21:21:17,2023-11-26 20:35:41
201,Richard Black,1972-02-16,christopher83@gmail.com,673.521.7295,"61064 Tara Manor, Alyssaport, CA 17130",6219841805,508472296,Self-Employed,55932.71,2024-08-31 05:42:54,2021-02-24 15:33:14
202,Julia Burns,1977-11-22,wdaniels@gmail.com,001-062-451-6644x100,"1181 Aaron Union Suite 597, North Matthewtown, CT 03884",887607968,535993500,Unemployed,159779.9,2023-06-03 02:42:17,2020-10-05 01:53:02
203,Jasmine Ballard,1937-01-07,angela20@hotmail.com,+1-950-801-9364x6001,"26764 Brown Ranch Apt. 812, Coxburgh, NY 43083",8191265541,646823564,Employed,72418.64,2022-11-10 03:00:50,2022-11-25 04:41:13
204,Deborah Mcbride,1981-03-17,iayala@yahoo.com,+1-933-593-8269x91381,"79370 Gray Cliffs, New Julie, MO 97887",44349313,584333405,Unemployed,171225.47,2024-01-24 11:06:29,2023-05-17 06:51:20
205,Brittany Obrien,1985-01-11,tammy57@hotmail.com,631.381.8303,"67712 Cooper Junctions Suite 799, Lopezberg, KY 97226",6396747496,235650331,Retired,72739.08,2021-08-21 00:29:38,2020-04-27 15:38:27
206,Mary Mcguire,1946-08-30,sanchezjaime@yahoo.com,001-977-169-4836x2445,"4952 Hall Summit Suite 043, Brewerfurt, IA 94835",7524102160,533586113,Self-Employed,165049.18,2023-02-03 12:21:30,2022-05-16 06:44:34
207,Monica Freeman,1950-05-12,eric53@yahoo.com,001-642-398-5482x5603,"76267 Tiffany Parkways, Port Kyle, IN 05410",1446521124,471870624,Retired,46113.76,2022-09-09 14:04:01,2020-05-03 19:12:11
208,Jonathan Bell,1965-10-21,allison45@gmail.com,925.432.5964x6267,"73473 Hill Plaza Apt. 234, New Robin, NH 20419",3114563627,323785765,Retired,85439.24,2021-01-30 07:52:44,2020-06-18 06:31:04
209,George Stone,1974-07-30,deborahkeller@thomas-harrison.info,707.590.2358,"6690 Martinez Burg Suite 541, Scottberg, LA 82556",9344082343,180468553,Self-Employed,119349.94,2024-03-08 11:51:38,2021-02-11 13:19:18
210,John Pierce,1934-10-01,uarmstrong@hotmail.com,342.480.3535,"1784 Brian Vista, North Peggy, MN 75224",1733914402,279373,Employed,79494.08,2020-06-22 10:42:23,2022-11-02 06:46:38
211,Ryan Watson,1976-12-07,bettyconley@johns-warner.com,777.120.8217x22097,"644 Hancock Junction Suite 603, Flemingmouth, MA 29000",1959133972,79212471,Student,49376.59,2021-05-14 20:30:52,2022-12-01 07:09:14
212,Larry Lane,1959-10-02,davistanya@martin.com,(801)076-1003,"4025 Carolyn Junctions, Patriciaport, MS 57246",97256299,467431030,Unemployed,72080.23,2021-10-09 12:12:25,2022-03-19 14:58:05
213,Brian Yates,1985-01-13,angela29@castro-morris.com,178.971.2456,"9937 White Road Suite 364, East Matthewton, FL 09438",1219910117,980043186,Self-Employed,126690.99,2022-09-17 03:21:55,2024-04-14 22:32:22
214,Nicholas Miles,1988-06-15,gary77@hickman-howard.com,001-793-731-1197x890,"7808 Ward Terrace, Banksmouth, CA 28901",7388492303,867734163,Student,127782.61,2021-12-30 06:05:19,2023-08-26 06:00:48
215,Daniel Hull,1961-11-22,kyliemurphy@yahoo.com,(856)300-4107,"USS Curtis, FPO AP 12807",6910269007,577339956,Student,78657.02,2021-04-19 12:58:51,2023-02-14 05:13:42
216,Marisa Pope,1958-11-14,smitherin@pitts-mcconnell.com,001-536-184-4698x156,"9288 Lindsey Alley Apt. 078, New Kristinamouth, MO 96924",3674092366,270151659,Retired,194093.57,2022-08-30 08:55:01,2021-08-05 04:39:42
217,Mark Singleton,1982-01-14,karlgonzalez@hotmail.com,(382)024-6530x65076,"108 Marissa Well Suite 687, Port Austin, MI 86110",4010943509,664027386,Self-Employed,45860.25,2021-12-26 15:49:29,2022-06-25 06:51:48
218,Vincent Delgado,1946-08-27,garciastephen@martinez.net,728-771-2678x59248,"1323 Johnson Fields, Jeffreyview, TX 27095",2775507768,886994986,Unemployed,108913.17,2024-01-25 09:58:07,2023-04-25 04:26:24
219,Michelle Johnson,1965-10-09,derekrhodes@gmail.com,209.889.2462,"00212 Ramos Shores, South Dustinfort, NY 24769",4598463669,69530012,Unemployed,181534.21,2020-12-02 02:08:02,2020-06-06 07:12:23
220,Krystal Young,1962-11-02,lopezchristopher@hardy.com,486-231-5384x4240,"PSC 2424, Box 5158, APO AP 39527",1847895772,786125144,Unemployed,11589.05,2022-10-22 14:48:14,2020-08-26 16:10:04
221,Brittany Mclean,1954-06-01,sullivanbrian@jackson.com,554.851.8902x738,"93092 Walker Gateway, East Elizabeth, NM 84383",2212358009,786810552,Employed,11974.1,2021-10-24 08:02:15,2022-02-10 01:57:05
222,Jesse Lee,2006-12-17,lmiller@gmail.com,693-562-1983x0921,"368 Guzman Glens Suite 829, Angelabury, FL 85497",4664571732,378017755,Employed,153849.72,2024-03-14 03:35:45,2025-02-06 15:49:04
223,Allen Long,1952-02-28,jennifer69@gmail.com,001-760-993-3144x85861,"51210 Taylor Camp Suite 911, Martinside, KS 08565",3044123627,186920292,Student,71627.62,2021-04-20 00:48:19,2022-02-16 23:56:44
224,Thomas Tapia,1989-08-13,alice17@yahoo.com,+1-770-439-2972,"26397 Adams Neck Apt. 109, Hallborough, MA 23881",2120167239,809386832,Retired,31917.83,2020-12-02 01:05:56,2024-12-25 07:23:18
225,Angela Chavez,1939-02-15,keith49@smith-klein.com,(500)908-9500,"105 Wendy Turnpike Apt. 147, North Stephenburgh, MD 34703",8297030350,831044007,Employed,166073.23,2023-06-21 22:20:39,2020-01-01 19:08:29
226,Pamela Schneider,1975-08-03,csims@gmail.com,739.835.3197x35440,"PSC 9140, Box 0513, APO AA 48993",616395576,465681570,Unemployed,124385.57,2022-09-10 17:00:41,2023-12-28 23:04:53
227,Kenneth Hamilton,1938-03-06,evelynramirez@yahoo.com,291-559-2970x5709,"58864 Harris Squares Suite 546, Davidport, OH 18840",9090515865,385780829,Self-Employed,104659.14,2020-04-15 22:55:02,2021-01-27 22:20:35
228,Daniel Ruiz,1975-04-19,david11@hotmail.com,(963)115-3311x7358,"242 Benjamin Summit, Lake Haleyberg, KS 00657",9308120723,65925488,Self-Employed,67831.16,2022-07-30 10:46:38,2023-08-22 18:42:00
229,Rebecca Li,1989-02-22,nancy85@hotmail.com,559.451.4685,"338 Rhonda Viaduct, New Brittney, AR 36885",3990977362,674042615,Employed,98147.54,2023-05-29 21:07:09,2024-11-13 08:44:30
230,James Simmons,1940-04-13,kim89@gmail.com,001-816-277-1799x457,"6722 Smith Park, Davidbury, MO 42500",4961271964,881329289,Student,83601.72,2021-10-08 15:21:32,2024-02-03 11:57:19
231,Dr. Monica Archer,1966-08-14,megananderson@gmail.com,(803)582-8116,"00211 Alvarado Forest Suite 762, North Gwendolynchester, WI 74609",3636608591,611225629,Student,17475.31,2020-02-19 09:44:31,2022-08-05 17:33:25
232,Amy Waters,1951-05-30,sheltonbrian@yahoo.com,(286)402-0825x986,"1292 Ashlee Bypass, Barbaratown, CA 24220",6656599015,509602263,Student,83240.41,2020-12-11 17:25:50,2024-12-22 07:04:14
233,Martin Charles,1974-10-27,cooperkeith@winters.com,+1-011-305-6786,"0369 Sabrina Mission, North Sherri, SD 50440",758613827,888325297,Self-Employed,167432.41,2020-06-01 08:45:50,2021-09-26 11:39:24
234,Joshua Mccarthy,1968-07-10,kirksarah@clayton.biz,(153)712-0690,"PSC 3540, Box 0338, APO AE 05137",709097853,122025682,Self-Employed,28695.73,2022-03-14 10:51:42,2022-02-25 00:17:09
235,Danny Berry,1955-01-17,karenschaefer@yahoo.com,(592)485-0317x966,"4298 Reynolds Causeway, Tapiafurt, NE 28945",4893973428,543812397,Employed,45708.04,2025-01-10 13:34:14,2022-01-17 20:01:02
236,Thomas Mills II,1959-08-03,lindsaygreen@johnston.com,(033)297-2358,"972 Kaitlyn Extensions Apt. 829, South Brandon, KS 51162",1442659368,126534870,Employed,29209.15,2021-05-03 17:27:11,2024-06-11 12:54:58
237,Robert Alexander,1963-01-20,thomasdean@durham.com,408.308.3089,"7797 Laura Underpass Suite 269, Chelseaville, NV 67497",3527032681,436901092,Student,152410.13,2023-11-20 09:19:06,2020-02-03 05:34:17
238,Dr. Kathryn Nunez,1973-06-06,melissaedwards@yahoo.com,784-377-5098x110,"97894 Lawson Groves, North Tamara, NV 67639",8066886436,868752268,Student,111344.92,2023-04-26 14:56:15,2020-05-18 07:29:43
239,Ethan Rich,2004-07-31,dmyers@crawford.com,391-456-9245x6823,"260 Wright Shoal, Port Elizabeth, MA 03726",757000977,332521750,Unemployed,100716.63,2020-08-24 01:31:03,2024-10-12 02:43:15
240,Jonathon Vazquez,1964-03-05,ryanoliver@mcintyre.info,539-698-1993x0334,"9937 James Ville Suite 086, Port Tylerhaven, WA 27053",1697392853,429104658,Student,197824.55,2022-06-18 02:14:12,2021-09-13 02:19:28
241,Natasha Garrett,1954-03-07,laurenguerrero@yahoo.com,759.735.8970,"97668 Michael Mount Suite 740, Jacquelinemouth, VA 94680",1438912702,690669160,Retired,191120.28,2023-05-26 07:16:48,2023-04-28 06:34:41
242,Sarah Peterson,1953-10-17,iwilliams@hotmail.com,3288196681,"895 Dylan Run, West Brandonview, LA 02986",8151226615,401611266,Retired,107686.8,2023-08-16 04:42:54,2021-10-04 15:25:11
243,Patrick Kent DDS,2001-01-11,msmith@yahoo.com,418-552-8930x588,"717 Jill Burgs, North Jeremy, OK 58104",8643635531,26972863,Unemployed,132239.29,2021-08-27 23:29:02,2021-07-28 00:54:23
244,Deborah Cantrell,1978-04-16,stephanienguyen@yahoo.com,458.715.3498,"843 Rosario Ports, West Joel, TX 05557",3654440833,320675239,Self-Employed,99699.15,2020-01-15 17:45:58,2021-02-26 15:07:56
245,Kimberly Gill,1964-05-29,mlowery@may.biz,+1-149-707-0645x38594,"6406 Anna Islands, West Christophermouth, MN 99227",3860716830,67176554,Unemployed,35964.77,2020-10-26 04:22:55,2021-05-08 19:09:55
246,Brandon White,1983-02-09,barrybilly@hotmail.com,(554)008-8329x5682,"6534 Walters Forks, South Sheila, NE 12004",1314111315,548913512,Unemployed,153500.67,2024-10-06 11:53:25,2020-07-20 22:44:28
247,Heather Parks,1942-09-16,jessica96@gmail.com,033-596-2481x21856,"2690 Brenda Shoal, Leahfort, MA 70359",5431506780,916268127,Student,49148.27,2022-05-09 11:10:59,2024-08-09 02:53:19
248,Ronald Garcia,1936-05-08,dawn51@vance-moreno.com,3851775846,"134 Clay Squares Suite 633, North Kevinchester, CA 86523",9459500322,306682436,Employed,18841.52,2022-12-21 05:01:00,2021-05-31 11:52:26
249,Michael Williams,1997-02-04,leonardreyes@yahoo.com,001-468-094-5717x41244,"8888 Jones Cliffs Apt. 653, Maryberg, SD 06156",9437662048,343528778,Self-Employed,164958.04,2022-09-01 11:12:59,2021-11-03 19:19:58
250,Christopher Robinson,1957-02-27,rpowell@yahoo.com,666-358-0298x329,"899 Stephanie Falls, Maryside, NV 73386",8294791769,142034383,Unemployed,180386.35,2020-06-19 08:46:49,2021-11-01 13:20:26
251,Lisa Ray,1995-10-17,briggsbilly@hotmail.com,(416)220-5494x894,"USNV Ortega, FPO AP 27575",6823771000,894099931,Unemployed,32819.95,2024-06-11 07:56:38,2021-10-18 04:56:16
252,Robert Mendoza,2001-06-03,jacob78@gmail.com,001-740-152-4470,"68590 Jessica Square Apt. 013, Reevesview, MD 33558",2303589374,332304262,Student,182668.07,2024-05-29 04:53:15,2021-01-19 05:01:20
253,Jasmine Lin,1949-10-08,ywilcox@fields.org,001-088-515-8009,"86902 Christine Avenue Apt. 117, North Kimberlystad, CA 15534",5219984199,813558082,Employed,126435.65,2023-11-18 16:01:06,2024-07-13 13:15:44
254,David Yang,1993-06-26,phillipsmorgan@anderson-bates.org,(088)750-3018x7575,"08363 Ali Estates Suite 358, West Michael, NM 54912",3086247464,821845059,Student,141700.29,2024-03-19 18:07:34,2020-08-15 23:38:04
255,Susan Brooks,1990-02-09,jason94@stanley.com,1467154993,"Unit 4789 Box 9681, DPO AA 29411",4069795036,178063163,Self-Employed,181303.34,2021-05-22 21:46:49,2021-03-10 17:43:16
256,David Sanders,1990-11-30,kimberlylam@montgomery-ramirez.net,001-715-209-0150x561,"88447 Rebecca Stravenue, Reevesmouth, NM 06297",1803964816,514267092,Self-Employed,177518.59,2020-09-09 03:57:08,2023-12-25 07:19:44
257,Ann Fernandez,1958-04-14,alisonramirez@becker.com,001-697-745-7093x78130,"59183 Christian Point Apt. 209, Powersside, NY 97264",7514681439,574901446,Unemployed,110705.37,2022-10-01 05:49:14,2023-02-09 00:46:12
258,Taylor Nguyen,1972-07-14,ronnie86@yahoo.com,707.385.0305,"32055 Scott Lakes Apt. 499, Garrettmouth, SD 88271",4601862208,582465812,Student,153329.37,2022-02-22 12:00:09,2024-07-01 07:24:54
259,Paula Baird,1984-10-03,nicole17@hotmail.com,+1-605-742-0094,"USNS Miranda, FPO AA 47013",5318390469,792337451,Student,61391.92,2020-01-14 06:07:12,2022-06-15 05:23:45
260,Nicole Drake,1959-02-20,jacob82@turner.biz,(309)689-0017x19956,"Unit 9148 Box 5287, DPO AA 36542",7404273901,290005165,Unemployed,60189.66,2024-08-06 01:01:08,2022-02-06 10:35:47
261,Karen Rice,1965-03-13,tiffanyholloway@simmons.biz,5945425463,"504 Riddle Fork Suite 256, North Johnhaven, WA 45281",6245457147,793151825,Unemployed,60580.36,2023-10-16 19:36:15,2024-11-11 07:07:07
262,John Garcia,1956-01-30,trankathleen@gmail.com,655.823.3355,"51709 York Mill, North Elijah, WY 36960",3100591825,751326841,Student,132165.1,2022-12-09 16:15:28,2020-12-18 11:34:53
263,Darren Hodge,1980-04-06,jason59@martinez.com,(427)175-2865x0004,"Unit 6028 Box 8864, DPO AP 31092",9154697387,689542760,Self-Employed,186311.94,2023-03-13 06:23:27,2023-08-21 10:47:26
264,Shannon Brown,1979-12-21,lisa54@novak.org,239-478-3402x313,"979 Cynthia Row Suite 388, Tanyashire, ID 22415",8091230161,355083347,Unemployed,85025.06,2021-07-17 22:08:42,2021-12-12 19:43:38
265,Janice Sanchez,1966-05-03,phelpsvictoria@yahoo.com,001-571-882-8279x08324,"11674 Nielsen Glens, Davisport, AR 02283",1527000301,744639881,Unemployed,183377.94,2024-01-13 21:13:15,2023-05-01 10:16:03
266,Thomas Robinson,1970-11-09,clayton34@crawford.net,(552)091-1601,"8077 Clayton Trafficway Suite 250, New Brandon, VT 57454",3562149826,576221864,Retired,123187.76,2021-02-06 20:17:16,2022-12-01 09:47:01
267,Dr. Daniel Mejia MD,2000-03-13,andreablake@ross-reed.com,(674)986-1320,"75860 Amy Fords Suite 375, Taylorville, NV 18287",4706156631,105785885,Retired,159327.57,2022-11-21 05:55:55,2022-11-27 12:08:38
268,David Powell,1949-09-15,jason82@mcbride-collins.com,+1-310-423-1220x67119,"31763 Tonya Island, West Mary, TX 53597",5136069983,717242629,Self-Employed,79080.44,2021-11-27 14:06:21,2022-06-01 20:54:11
269,Connor Wong,1937-02-19,katiemyers@gmail.com,639-395-4469,"523 Brady Squares, West Kyle, MS 68445",9817038549,942596206,Self-Employed,60677.01,2020-08-19 09:57:26,2023-12-06 13:36:47
270,April Murillo,2002-01-23,vanessa81@snow.com,(717)759-0376,"1198 King Avenue Suite 817, Santiagoport, GA 44052",4561485773,566664088,Self-Employed,138239.21,2020-06-22 12:11:33,2024-05-13 11:48:13
271,Jason Singh,2001-03-18,daniel22@holt.info,001-618-314-8887,"8053 Brittany Burg Apt. 663, North Katie, NV 46205",1908351127,824746201,Self-Employed,44571.07,2023-08-20 06:08:21,2024-06-05 19:53:52
272,Karen Parker,1956-01-05,petersfred@nelson-myers.com,(855)028-0315,"47109 Kennedy Streets Suite 585, Harmonside, MI 02561",372534441,795547691,Self-Employed,62169.39,2020-10-13 11:52:14,2021-08-11 16:32:45
273,Lisa Stevens,2002-12-09,vgarner@caldwell.biz,784-209-8526x42435,"133 Campbell Wall, Port Jonathan, NV 51818",6686651347,239911440,Self-Employed,136990.03,2022-05-02 00:30:55,2021-03-30 19:25:56
274,Joseph Fitzpatrick,1954-06-16,shane25@mccann-adams.com,+1-418-751-5853x496,"USNS Hoover, FPO AE 84306",164761597,534039385,Student,101169.28,2021-07-03 01:56:01,2024-05-13 07:32:03
275,Mark Gonzalez,1944-07-20,bobby06@anderson.com,261-674-8198x8287,"060 Dominic Parkway Apt. 341, West Tarashire, WV 56414",7916920119,226294549,Student,56468.91,2022-05-04 19:17:26,2021-03-19 14:04:29
276,Barbara Rodriguez,1949-03-10,jillhiggins@day.info,001-723-514-5143,"777 White Turnpike Suite 982, Parkerfurt, MA 94471",551997746,774884804,Self-Employed,101926.87,2023-12-02 05:17:26,2022-08-26 07:07:50
277,Zachary Hanson,1971-02-08,bcervantes@hotmail.com,0123342680,"963 Miller Field Apt. 548, Kathybury, MS 68590",6922283733,877596340,Employed,35103.51,2024-11-29 05:02:24,2023-07-16 18:28:52
278,James Hernandez,1983-06-16,uroberson@adams-lopez.com,(556)615-5721,"41288 Kim Square, South Alvinshire, KY 56016",5674699764,196923424,Unemployed,28580.21,2021-03-16 12:23:45,2024-06-23 16:12:36
279,William Shaw,1983-02-08,stevenmejia@little-rodriguez.com,001-830-807-3047x71140,"5673 Pearson Ville, North Tiffanyfurt, SC 08572",6566995887,844364999,Student,56612.94,2020-04-21 23:48:54,2021-10-06 23:53:13
280,Lindsay Howell,2000-01-18,renee73@yahoo.com,169.760.0852,"194 Martinez Island Apt. 894, Laurenton, SD 17690",5451834728,515652281,Retired,48903.22,2023-06-03 14:45:59,2020-10-25 23:11:03
281,Edward Nguyen,1994-01-04,jacksontiffany@hotmail.com,+1-227-934-2764x0262,"1957 Medina Ridges, Joanton, CA 86173",5114978592,927117131,Employed,104474.59,2023-11-26 02:54:34,2021-05-31 21:09:00
282,Jacob Richard,1984-04-23,fosterkurt@anderson.com,(385)416-0079x8217,"632 Jackson Brook Suite 225, Dukemouth, TN 87054",2652351376,819941423,Retired,81926.94,2021-07-22 12:50:36,2023-08-20 17:16:53
283,Carl Spears,1980-11-09,sandrade@hotmail.com,+1-205-063-9509x5912,"2215 Jennifer Stream, West Miguelburgh, WA 01265",7044857156,967137146,Unemployed,186218.85,2021-02-04 17:19:34,2020-12-15 03:45:43
284,Elizabeth Diaz,1961-09-23,jgreen@yahoo.com,098-152-9284,"96295 Jennifer Unions, Lake Jorge, CT 09153",9586171460,419293864,Self-Employed,134625.14,2020-02-08 11:51:40,2023-01-06 20:25:58
285,Jacqueline Butler,1958-03-21,jason71@yahoo.com,+1-039-214-3737x439,"Unit 5124 Box 2852, DPO AE 66563",3269915263,635194447,Employed,78453.51,2023-03-08 20:34:36,2021-03-08 04:46:25
286,Mary Long,1936-01-27,mary69@hotmail.com,001-562-089-1841x78082,"3889 Vang Springs Suite 509, West Loriberg, MI 91950",8621618000,374697185,Unemployed,31217.81,2023-06-19 12:45:49,2023-07-14 19:49:57
287,Katelyn Reed,1956-01-20,gregory81@hotmail.com,330-880-2807x889,"5296 Ortiz Prairie, North David, VT 54621",7884308942,516875750,Employed,130911.91,2023-07-03 09:58:51,2020-02-10 22:44:21
288,Mr. Gerald Hudson,1946-01-01,laurenlopez@gmail.com,(563)581-6990x98533,"21667 Jennifer Plains, East Anthonyland, DC 96417",4734310602,844971762,Employed,41526.99,2024-02-16 15:01:19,2022-04-08 12:36:52
289,Mary Morrison,1946-09-17,adamcross@andrews-proctor.com,0435086467,"786 Melissa Freeway Suite 975, Marymouth, LA 96851",6920526049,493916202,Student,138544.25,2022-03-29 09:41:07,2020-05-28 14:04:41
290,Brian Byrd,1952-11-15,odavenport@cabrera.org,(063)714-6793,"USS Young, FPO AE 63103",3673877066,192545253,Unemployed,93766.2,2025-02-12 00:25:37,2023-11-04 05:20:52
291,Adam Bryan,1952-05-25,valerie37@harper.net,+1-872-561-0828,"Unit 9166 Box 9174, DPO AP 05235",7025088288,103042365,Self-Employed,77260.19,2024-08-09 06:25:53,2022-10-06 05:09:02
292,Kevin Miller,1963-05-16,dillonparker@hotmail.com,501-523-9916,"8755 Shelley Meadow Apt. 703, Woodsland, OH 81169",6215389994,614605411,Self-Employed,197183.93,2023-05-01 11:21:52,2023-04-19 11:26:13
293,Roberto Graham,1936-07-05,schroederkristina@gregory-smith.com,(394)840-0183,"1479 Parsons Way Apt. 459, New Brianfort, AZ 75088",6990775155,230987865,Self-Employed,62208.4,2024-12-21 02:33:08,2020-07-21 19:14:45
294,Ryan Clark,1980-01-06,karenleonard@estes-moore.info,(387)124-8985x03691,"137 Michael Ways, Port Scott, NE 93447",2076395922,60534874,Student,98627.13,2021-09-20 21:31:10,2023-11-13 05:02:01
295,Gina Miller,1936-04-12,wayne87@krueger-maxwell.biz,001-787-096-4864x25590,"208 Bray Rue Apt. 334, New Jeremy, WI 45877",1258800287,828948782,Employed,46390.11,2022-09-02 07:26:05,2022-03-04 04:54:10
296,Ronald Allen,1958-06-09,mccormickdanielle@hotmail.com,+1-847-328-8554,"465 Richard Lakes, Jeremyshire, MO 27020",3032945608,49451416,Unemployed,163993.31,2021-09-29 06:30:44,2020-07-15 20:47:11
297,Matthew Payne,1963-12-15,jose35@middleton.net,001-442-463-6378x12530,"USNS Collins, FPO AE 36131",3866652619,333946553,Unemployed,182735.83,2024-10-16 03:55:13,2024-01-22 07:27:24
298,Tamara Anderson,1982-05-11,joshua90@ramsey-barnett.com,810.561.6401,"475 Kelly Street Suite 049, North Jefferyberg, WV 64851",9520166186,814964409,Student,21061.32,2024-01-17 06:42:54,2023-12-19 20:34:54
299,Carmen Evans,1935-12-30,sheliaclark@hotmail.com,615-317-0584,"8343 Donald Forges Suite 046, Port Jessica, CA 31229",2632904884,22888374,Retired,79319.13,2022-02-22 11:16:42,2024-03-24 23:10:22
300,Jessica Castillo,1963-08-10,ayalarachel@cook-davis.com,743.558.6704,"6643 Tammy Union, East Alexander, WI 54787",9435980441,852329635,Employed,148671.03,2020-02-16 05:05:35,2024-01-05 01:40:24
301,Dustin Stuart,1946-09-03,trevorjohnson@gmail.com,(929)202-7547x5099,"3917 Thomas Junction, South Amanda, MT 58458",8233777927,194882607,Unemployed,128564.24,2021-08-18 02:37:50,2023-11-30 02:00:18
302,Miss Diana Wilson DDS,2005-05-27,christinefisher@yahoo.com,480-927-1530,"80695 Taylor Green Apt. 433, Port Peter, KS 33004",7165125230,677656563,Employed,96864.87,2024-10-28 14:30:23,2020-12-11 19:17:49
303,Lucas Montoya,1968-04-11,darrell30@yahoo.com,+1-823-744-0562x47068,"4567 Stephen Motorway Apt. 634, West Royview, WI 44537",7403646490,190402126,Retired,29216.23,2021-03-12 19:31:50,2021-08-21 08:56:36
304,Julie Anderson,1939-07-20,ericksonjon@walls.org,+1-304-666-9750,"63597 Price Harbor Suite 856, Victoriafurt, SD 64904",3305882732,333343529,Unemployed,152612.8,2023-06-11 20:27:32,2022-04-22 14:34:08
305,Charles Chavez,1982-02-21,bookertonya@mcbride.com,001-764-957-0447x4231,"6359 Baker Port Apt. 371, Mcguiremouth, GA 22932",379652456,893146759,Student,105230.03,2022-01-07 22:47:16,2022-02-21 16:33:58
306,Grace Mcdaniel,2002-06-13,dalton19@yahoo.com,350-213-9908x90531,"32059 Phillip Court, West Davidside, AR 84671",1506430373,218910626,Retired,107877.3,2020-10-26 20:43:04,2020-06-11 09:10:27
307,Randy Harding,1980-06-15,dustinsmith@hotmail.com,(561)984-3481x5197,"0110 Mcbride Lakes, New Jennifer, MN 83966",4221058474,700359587,Employed,72809.22,2020-12-27 15:37:40,2020-06-17 22:06:01
308,Jason Hawkins,1988-01-09,montgomerytina@carter.com,198-038-1203,"6033 Susan Roads, Wilsonstad, OK 59750",4418172262,301991791,Student,133476.8,2022-06-01 01:18:43,2021-02-24 10:46:35
309,Ashley Reyes,1994-02-09,vincentho@yahoo.com,(090)641-7286,"8678 Carolyn Trail, North Daniellefurt, KS 10682",4356024767,920343800,Employed,61624.74,2023-09-17 01:13:05,2023-03-25 05:51:56
310,Beth Wood,1959-06-23,ashleygross@rosales.org,566.306.6595x31823,"446 Christina Forges Apt. 143, Watsonmouth, WY 21087",9098384013,598120772,Retired,194191.48,2021-10-09 02:55:39,2022-07-07 13:59:33
311,Leslie Mcconnell,1974-05-27,sandra16@huerta.com,001-349-328-2802,"16551 Glenn Vista, Melendezburgh, NH 51795",968266796,655872517,Employed,187758.52,2022-11-07 11:00:34,2023-01-11 18:00:05
312,Clifford David,1993-07-25,johnwalker@mason-vasquez.org,+1-201-341-3777x5971,"38648 Wyatt Port Apt. 541, East Michael, NH 21868",7953500771,769591936,Student,69317.17,2024-07-18 15:57:08,2022-02-26 01:58:45
313,Steven Perez,1995-03-21,elizabeth48@hubbard-johnson.com,773-288-5046x2239,"761 Eric Fort, Barnesmouth, AZ 05199",5808937967,55212341,Employed,89271.86,2021-03-26 13:42:57,2024-04-27 14:26:10
314,James Jacobs,1992-05-30,zprince@perez-humphrey.com,001-251-930-7138,"59183 Christensen Port Apt. 928, Chapmanmouth, VT 24588",879368398,984492995,Self-Employed,78864.62,2024-03-23 14:45:44,2021-07-19 12:36:40
315,Aaron Flowers,2003-04-27,rtucker@bryan.org,001-601-520-8358x333,"PSC 2537, Box 9408, APO AA 24798",7270324220,412153302,Unemployed,96906.04,2023-08-15 16:12:06,2020-01-17 08:51:16
316,Shelby Cummings,1966-03-10,deborahwright@graham.com,1361078613,"5767 Eric Forges Suite 676, East Tracy, TX 13620",2779611294,331845078,Self-Employed,105681.14,2021-09-20 08:05:34,2023-08-18 01:55:09
317,Julie Mccall,1965-04-18,elizabethchristensen@ramos-choi.com,001-789-428-3451x11736,"99680 Jones Ville, Tinaport, ME 16558",2540660359,345365535,Retired,191585.86,2020-06-22 17:11:08,2023-05-30 11:51:37
318,Jade Lindsey,1967-06-09,kurtwilkinson@gmail.com,001-358-569-8234x201,"136 Oliver Island, Maryshire, ME 57936",5920058289,798584513,Unemployed,88690.63,2022-01-15 07:57:31,2020-09-17 01:48:18
319,Craig Forbes,2004-10-01,jamie73@hotmail.com,159.523.0012x9740,"936 Mcgrath Mountains, Port Robert, VA 42360",9671456452,963498385,Self-Employed,43547.84,2022-03-18 08:50:43,2021-07-18 14:07:23
320,Michael Gomez,2000-03-11,crystalnash@yahoo.com,001-961-863-5404x64595,"07368 Vang Glen, Josephside, CA 40012",84205027,750160189,Unemployed,18322.03,2021-09-17 14:50:43,2022-09-21 08:18:44
321,John Moore,1953-10-28,andrew50@yahoo.com,(304)540-0009x0760,"0546 Katherine Park Suite 229, Danielleborough, FL 72101",1253732468,437595021,Self-Employed,114307.76,2021-04-27 04:13:57,2024-03-03 09:45:21
322,Julie Mccoy,1955-08-22,davidsimpson@gmail.com,577.727.3691x846,"60270 Davis Fields Suite 393, Matthewland, FL 51229",7567446267,567848895,Self-Employed,40497.44,2021-04-09 15:16:51,2021-11-24 12:14:24
323,Charlotte Baker,1968-07-20,jacksonjason@yahoo.com,001-839-613-4797,"816 Malone Grove Suite 221, New Alyssa, IN 30792",7847206286,71644094,Employed,153171.26,2022-07-03 22:37:50,2023-07-22 05:32:49
324,Craig Harris,1967-05-25,jgoodwin@hotmail.com,001-115-010-4215x485,"966 Burton Square, West Regina, KY 55818",352074518,98412988,Employed,39811.66,2022-09-20 01:29:12,2021-08-02 05:04:42
325,Katherine Cross,2000-06-28,benderphillip@ellison.com,011.349.5313x9087,"22310 Kemp Way Apt. 786, Morrisville, NY 27805",1164381048,484947378,Student,199048.6,2023-05-24 08:38:40,2023-06-11 15:06:52
326,James Peterson,1969-02-22,gwilson@holder.com,001-100-004-1451x722,"879 Tucker Courts Apt. 803, New Lisamouth, AL 83385",9987946298,518783830,Employed,159107.69,2021-08-03 02:58:19,2022-06-26 02:15:31
327,Briana Ellis,1968-10-08,jordancarter@gmail.com,(774)493-1049,"93724 Randolph Green Suite 265, South Anthonytown, KS 88587",4868082001,540243884,Retired,20304.66,2024-11-14 04:00:10,2020-07-22 12:11:28
328,Peter Barrera,1946-08-01,amy62@hotmail.com,389-938-0936x93366,"4265 Ho Forks Suite 376, Greenstad, PA 01012",9339839612,530864849,Unemployed,143229.73,2023-01-01 08:07:59,2021-11-08 06:33:00
329,Michelle Brown,1999-03-30,svasquez@sparks.org,026.755.9151x2048,"032 Wilkinson Forest Suite 712, Normanville, AL 12540",3483206516,723652230,Self-Employed,61092.34,2022-06-20 17:34:38,2022-06-04 04:33:15
330,Linda Padilla,1989-10-08,janet10@gmail.com,181-821-9817x2166,"18974 Scott Plaza, Wyattshire, AL 00617",8081412423,413803012,Student,198800.52,2020-05-04 21:02:43,2022-09-29 16:41:14
331,Jason Williams,1951-12-24,diana37@kerr.com,694-117-8906x34094,"082 Adrienne Ranch, Lake Annahaven, UT 75228",2239601203,366161140,Retired,21104.37,2021-06-11 10:28:15,2021-08-07 00:02:29
332,Edward Huff,1998-03-03,hollowayrodney@gmail.com,(142)601-2260,"758 Sharp Wall Apt. 658, Millershire, RI 39482",7383231419,295693489,Student,104550.24,2022-10-16 03:18:11,2022-02-06 22:53:58
333,Sherry Wilson,1978-08-28,gonzalezemily@gmail.com,6747310838,"672 Morgan Valleys, Omarfort, TN 22247",2085218706,803920420,Retired,40953.2,2020-08-19 21:14:45,2020-12-07 09:39:24
334,Michelle Hudson,1938-09-05,banksdale@gmail.com,699-111-1585x66057,"7677 Baker Mills Apt. 604, Kennedyshire, OR 49911",3653675225,371337030,Employed,164211.98,2024-09-15 20:42:12,2021-11-24 21:18:27
335,Tonya Perkins,1987-08-19,medinakyle@hotmail.com,+1-544-535-5156,"7484 Elliott View, Christinaview, LA 45034",1763531720,172997445,Employed,161430.69,2022-05-11 02:46:03,2023-11-18 04:38:44
336,Lauren Gardner,1991-08-10,paul38@gmail.com,068-157-8367,"23098 Monique Cape Apt. 647, Dennisburgh, MO 65499",1577760898,249939181,Employed,181740.83,2023-02-09 07:29:52,2024-01-13 04:02:29
337,Steven Conner,1960-10-27,murraytroy@hotmail.com,(975)949-7129,"20582 Henson Plaza Apt. 823, Castillotown, NC 25701",7785143418,464491835,Self-Employed,146214.24,2023-06-24 07:58:07,2020-01-17 15:23:01
338,Melissa Vega,1984-10-23,jamiewest@stein.com,+1-215-131-0311,"6958 Dixon Key, New Ruben, NM 74430",2897896680,801644923,Employed,12326.43,2022-10-30 10:11:13,2021-01-12 07:36:54
339,Vicki Baker,1938-07-18,tanyabennett@gmail.com,171.674.0780,"49022 Anderson Trail, Rivasfurt, NV 99486",4379946726,812972010,Retired,76989.76,2021-07-19 01:48:13,2025-02-04 13:40:15
340,Emily King,1982-05-23,tateharold@hotmail.com,154.061.5312x04174,"4427 Giles Vista Suite 046, Lake Danielshire, KY 44884",8139306811,841110157,Self-Employed,117774.72,2024-12-09 07:35:28,2023-08-09 07:53:29
341,Carla Mcgee,2001-11-17,dmullins@gmail.com,224.721.2351,"22650 David Lakes, Port Amber, RI 53363",2487700593,765836467,Student,196532.31,2023-06-05 22:07:34,2023-03-01 02:07:59
342,Calvin Anderson,1999-11-13,cody55@hotmail.com,(337)788-9396x10098,"2089 Yolanda Forge, Lake Patricia, CO 27669",2848904903,176996631,Retired,186511.82,2022-01-01 08:50:30,2024-11-24 08:34:32
343,Timothy Jensen,1953-10-28,mcintoshrobert@hotmail.com,(334)200-9464,"76609 Acosta Branch, North Colin, MA 31218",2498359157,321914510,Self-Employed,129588.46,2025-02-06 04:20:34,2020-04-25 13:28:49
344,Michelle Wheeler,1998-02-12,ukline@gmail.com,001-153-911-7426x47112,"Unit 6648 Box 0513, DPO AA 40502",4901884331,461234479,Retired,105148.35,2024-10-18 00:33:25,2023-05-22 00:04:17
345,Gary Johnson,2000-05-07,michelle58@gmail.com,(655)136-8222x9636,"046 Jose Forest Apt. 279, North Johnfort, TX 45769",5539595023,108543304,Self-Employed,16661.51,2023-01-16 00:35:46,2024-12-20 01:58:36
346,Denise Gould,2004-05-16,kelly52@hotmail.com,097-014-6471x65702,"USCGC Hodge, FPO AP 99034",3774604467,233647863,Self-Employed,67873.84,2022-07-09 03:19:41,2022-08-06 01:04:40
347,Ann Munoz,1935-05-11,dparker@yahoo.com,001-873-627-5225x91969,"3031 Keith Cove Apt. 909, Nicoleburgh, TN 35997",2588250249,830530001,Unemployed,179821.06,2021-08-31 03:29:08,2024-07-13 10:31:31
348,Bonnie Cook,1966-01-08,cooperbrittney@gmail.com,+1-103-611-9101x9941,"USNV Perez, FPO AA 75708",9706512926,507452624,Student,47959.92,2022-02-01 06:12:40,2023-05-08 15:07:33
349,Troy Maxwell,1969-06-03,wpalmer@gmail.com,(416)423-8203x0070,"85334 Nicholas Wall, New Benjamin, NY 86151",5582840519,639643058,Self-Employed,82231.69,2023-03-14 17:15:03,2021-12-08 17:33:39
350,Gregg Hodges,1941-06-07,courtney91@house-allen.net,773.044.3720,"5822 Timothy Stravenue, Melissaview, AK 63174",7037972863,483709272,Self-Employed,199886.79,2020-11-08 00:44:57,2022-06-18 00:02:28
351,Samantha Hanson,1961-01-22,cindy19@webb.com,(814)447-3806x906,"4916 Brian Prairie, Riveraview, MI 97202",9882692389,864024051,Employed,144154.43,2021-02-23 02:22:44,2020-03-30 16:53:45
352,Sherry Ponce,1975-03-14,qedwards@cooper.com,001-454-185-0097x91478,"8000 Cassandra Island Apt. 135, South Amy, MA 09294",8333705356,174492554,Retired,172425.49,2023-05-28 14:18:33,2022-06-21 16:31:04
353,Kimberly Chang,1955-01-18,zwalter@jones.net,7395398517,"880 Daniel Underpass Apt. 916, South George, OK 23859",2345594161,967655366,Self-Employed,45966.62,2023-07-29 09:55:32,2024-03-16 18:22:39
354,Katherine Harris,1939-06-30,robertkim@snyder-allen.info,200.512.3752x054,"007 Kent Mews Suite 623, North Sarahton, TX 89144",1336466068,895128491,Student,15356.76,2020-05-07 06:15:06,2021-06-18 08:00:53
355,Kimberly Hodges,1946-03-16,jmack@bennett.com,441-628-6292x4695,"510 Jennifer Isle Suite 673, Crystalmouth, DE 18567",4525932119,350783719,Student,39530.0,2023-12-08 13:26:41,2022-01-06 19:10:58
356,Olivia Ramirez,1957-06-18,pughmadison@hotmail.com,040-181-3408x24350,"Unit 7565 Box 8614, DPO AA 86147",3436191478,430450299,Unemployed,115226.83,2020-03-12 19:20:03,2023-09-10 07:03:23
357,Jason Pacheco,1963-08-02,taralewis@russell-jones.org,001-516-738-6437x073,"3047 Richard Drives Suite 957, Cynthiastad, HI 97189",6711219713,599837144,Student,153186.87,2022-07-25 20:48:37,2021-08-21 15:46:21
358,Kevin Avery,1964-03-26,marialee@hotmail.com,804-442-7262x16596,"474 Smith Rue Suite 045, Lauraburgh, FL 07447",2871581944,510812821,Self-Employed,22001.86,2020-08-05 22:46:36,2022-05-03 22:40:14
359,Christopher Douglas,1957-11-13,michellebrennan@gmail.com,+1-637-822-2190x705,"6560 Jenkins Key, Port David, MO 68544",8500061448,88448758,Unemployed,56688.87,2020-03-12 07:44:24,2020-12-23 21:40:06
360,Kelly Ross,2005-12-30,marcus20@dickerson.com,793.966.7827x49591,"039 Long Avenue, Fletchermouth, WV 90971",2603378657,830475260,Self-Employed,71235.22,2024-06-03 03:37:33,2023-07-17 23:55:07
361,Felicia Holmes,1959-05-15,adam01@bauer-crane.com,(209)808-2545x5311,"94741 Wolfe Shoals, West Kelseyfurt, ME 90780",3060597809,976607257,Self-Employed,165839.92,2023-07-23 02:24:03,2023-06-04 02:25:15
362,Michael Mullins,2003-08-23,mariamartinez@yahoo.com,9540830360,"6012 Gonzales Vista, East Austinfurt, RI 74450",2946479238,997763259,Retired,96355.97,2022-11-11 09:35:50,2021-02-11 16:17:17
363,Brett Durham,1975-09-12,jandrews@hamilton.com,578-399-6806x29652,"83473 Harrison Viaduct Apt. 919, Lake Andreaborough, WI 48127",2469250818,161844787,Employed,141127.19,2025-02-09 02:15:43,2020-05-10 10:37:24
364,David Bridges,1983-09-06,rturner@ruiz-williams.com,669.679.3786,"9582 Antonio Coves, Jameshaven, MI 15874",4198360639,666169629,Unemployed,131762.49,2021-04-04 10:04:51,2020-12-13 16:43:56
365,Raymond Lamb,1958-11-07,tonyherrera@cortez.com,+1-006-402-9926x675,"975 William Run, Martinezbury, PA 50571",1100002298,660584446,Student,29094.14,2022-02-27 07:00:12,2022-07-14 13:03:09
366,Katherine Norris,2002-12-23,sanchezbrittany@hotmail.com,356.766.3517x7441,"55828 Barker Curve, South Ruth, KS 81176",2879992370,643965944,Student,108671.17,2021-07-05 05:07:17,2022-01-06 20:28:26
367,Tammy Conner,1974-05-15,seandavis@gmail.com,001-579-631-9411x633,"858 Nicole Station, Lake Andrew, HI 82317",9316954502,225281595,Student,141871.68,2024-07-16 06:34:16,2021-08-20 21:02:23
368,Robert Garcia,1945-10-31,perrygraham@hotmail.com,001-677-578-3803x022,"65613 Elizabeth Ridges Apt. 860, Mezaland, IL 89144",8377696315,327261007,Unemployed,194475.08,2021-05-03 13:49:12,2025-02-04 22:15:10
369,Deborah Mclean,1961-02-17,carloshawkins@gmail.com,001-859-371-4075x161,"PSC 9896, Box 8876, APO AE 05227",2732970247,178288012,Student,191092.93,2020-12-26 07:51:11,2024-02-09 03:17:51
370,Jodi Reese,1962-02-13,aallen@hotmail.com,555-140-9452x12896,"6177 Tracy Center, New Melissafort, PA 95610",1013501362,346668242,Employed,35972.36,2024-03-01 22:17:19,2024-12-22 21:52:28
371,Amber Mathews,1960-10-04,paul20@yahoo.com,(548)230-9508,"8405 Christopher Garden, Sarahbury, CO 40632",5352323484,379720455,Student,154966.22,2021-12-22 13:21:15,2023-11-24 01:41:00
372,Julie Winters,1949-06-12,michael70@yahoo.com,(472)087-0387x8660,"535 Gutierrez Prairie Apt. 855, Bernardton, IN 64961",2043597036,99586665,Employed,60008.64,2023-04-01 18:40:48,2022-09-24 05:56:03
373,Kathy Krueger,1968-06-28,evanswilliam@munoz.com,001-059-404-4787x251,"67132 West Gardens Apt. 594, Danielville, SD 26602",3995322021,879770061,Self-Employed,181971.48,2024-05-29 10:02:23,2024-12-27 10:43:20
374,Michael Ryan,1947-12-19,dawn70@yahoo.com,+1-407-855-5647x4130,"108 Felicia Village, Davidmouth, NM 99568",424102148,76785144,Self-Employed,167626.8,2023-08-29 03:05:17,2024-03-12 18:44:05
375,Sarah Miller,1956-07-28,vflores@gmail.com,(197)938-5388,"1072 Anthony Islands Suite 736, Michellehaven, CO 34826",2525614484,958439313,Self-Employed,47569.14,2024-12-18 02:34:12,2023-07-19 08:09:13
376,Katherine Brown DDS,1962-08-03,vcooley@hotmail.com,331-619-8779,"Unit 5154 Box 0356, DPO AP 73554",7806644188,414863741,Self-Employed,82111.47,2020-01-13 08:20:12,2022-07-11 22:15:30
377,Jennifer Li,1974-09-19,lwalters@yahoo.com,783.072.1096,"USNV Barnes, FPO AE 63385",4834991104,118490432,Unemployed,162861.72,2024-05-31 13:52:55,2021-07-25 09:28:31
378,Kristin Rodriguez,1976-06-22,smithnicholas@gmail.com,966-307-3345x35150,"1253 Nicholas Centers, West Benjamin, ID 07563",2067592519,421566074,Student,80372.65,2023-07-26 18:50:09,2020-02-13 20:05:08
379,Brandon Barker,2004-03-05,rittertrevor@flores.net,790.060.6196x0448,"13168 Lopez Passage Apt. 682, North Shawn, IA 48141",7201845302,195722352,Student,145979.96,2021-10-31 20:40:14,2020-11-07 12:57:17
380,Amy Adkins,1974-08-13,kharris@gmail.com,302.970.9003x4820,"959 Garcia Shoals Suite 276, East Jeanview, NM 29629",6650485288,883463801,Student,131184.37,2024-11-02 20:26:25,2021-07-31 23:24:12
381,Stacey Graves,1936-10-06,lancewood@ramos-white.com,(259)242-0772x18600,"5319 Gonzalez Gateway Suite 385, Lake Amandamouth, PA 55817",7217008294,348914810,Student,99758.6,2024-10-29 07:01:14,2021-09-22 11:46:33
382,Scott Brown,1964-11-09,cynthia88@yahoo.com,724-059-0959,"272 Michelle Falls Apt. 100, West Vicki, AZ 64736",6299291793,164517946,Employed,140700.74,2021-03-11 18:49:59,2023-03-15 16:27:26
383,Kimberly Swanson,1942-06-16,scottwalton@frazier-hill.com,298.311.8398,"99060 Mcdonald Radial Apt. 690, Port Stevenland, OR 86271",5941785162,811972252,Student,41369.01,2022-06-09 16:36:49,2025-02-16 07:15:55
384,Kristi Johnson,1950-04-03,briana25@hotmail.com,871-806-5883x085,"49868 Nixon River, Angelaville, LA 91337",599108916,520577048,Unemployed,164676.1,2021-11-08 19:43:41,2023-06-13 02:15:40
385,Michael Johnson,1954-04-10,robinsonbrian@yahoo.com,+1-791-403-6965,"639 Kevin Road Apt. 172, Cherylside, IN 02499",9439141321,62895536,Self-Employed,56252.88,2022-10-13 06:34:41,2024-01-02 13:17:42
386,John Thompson,1979-06-15,zjackson@johnson.com,864.423.1934x05537,"Unit 5866 Box 8559, DPO AE 98618",9888710251,61232009,Employed,88635.9,2020-01-01 21:59:24,2020-09-02 14:15:12
387,Jessica Turner,2002-09-18,andrea44@yahoo.com,+1-840-703-9455x2884,"38171 Kristi Place Suite 243, South Danieltown, MI 70751",15546541,705014166,Self-Employed,183798.96,2023-10-05 02:14:06,2024-11-17 01:00:49
388,Mary Casey,1978-11-26,aroberson@stone-rose.com,+1-151-667-2794x59406,"28221 John Radial, Johnland, AL 92008",3858965089,715242907,Employed,144976.28,2023-01-27 19:54:42,2021-10-01 00:15:54
389,Dawn Austin,1951-06-18,anthonyanthony@bryant.com,582.366.5866x978,"PSC 5120, Box 3436, APO AE 38156",8645590523,811717391,Employed,119511.89,2020-05-12 23:01:33,2021-12-24 12:54:52
390,Brittany White,1952-11-30,gpadilla@bell.net,850.079.3864,"86048 Larry Lights Suite 954, West Janetland, OH 89874",7449531503,28314036,Retired,80352.22,2022-04-18 07:41:20,2021-03-17 17:37:56
391,Michael Gilbert,2006-06-04,pjohnson@sloan.com,740-358-0632x26645,"USNS Murphy, FPO AA 91394",6746455933,944182648,Unemployed,134733.8,2020-07-27 22:29:36,2020-11-25 01:57:37
392,Alan Stafford,1979-01-07,tonyabarnes@yahoo.com,001-566-772-1633x27095,"0478 Cannon Passage Apt. 969, East Roberttown, NV 28864",998120676,634421270,Self-Employed,42810.64,2023-03-12 06:27:50,2020-07-07 06:59:59
393,Joseph Ortiz,1979-05-05,erica27@bailey.biz,043-958-2151,"84649 Jesse Cove Apt. 137, East Michaelville, NE 83601",1964554748,401699233,Retired,129660.78,2024-03-16 13:22:16,2021-10-05 05:04:15
394,Krista Sullivan DDS,1949-12-07,nstout@kirby.com,137-531-4178x32606,"700 Mccoy Circles, West Alicia, NJ 94926",1177290360,103485248,Retired,192200.82,2024-04-06 00:01:56,2024-06-20 14:27:43
395,John Singleton,1968-11-06,ddominguez@yahoo.com,520-877-4863x02209,"3801 Roach Springs Apt. 161, Williamsonburgh, SC 81087",7573603256,458086649,Unemployed,127175.32,2021-05-19 11:34:25,2023-06-18 12:22:01
396,Elizabeth Reed,1955-06-19,daniellegonzalez@hotmail.com,161-637-4157,"56335 Kimberly Pass, West Dillon, VT 72708",4973667950,668772258,Unemployed,53392.59,2022-05-03 06:03:50,2024-05-30 13:12:14
397,Anne Garcia,1989-10-17,heather70@brown.com,(113)087-8878x40751,"024 Lowe Causeway Apt. 429, Harperberg, TN 04045",1176217621,200285552,Student,199453.25,2021-10-02 20:06:11,2022-06-17 22:30:35
398,Melanie Burke,1937-06-26,fwilson@thomas.com,933-895-6805x21965,"5591 Michael Brook, Lake Amy, SD 91349",7019175236,192492082,Self-Employed,26204.77,2023-12-23 00:20:32,2021-04-21 12:07:50
399,James Clayton,1956-09-11,amy89@andrews.com,(457)151-0582x4044,"49648 Saunders Parkway Apt. 946, Ryanland, NC 41200",535976524,416893292,Student,108374.58,2024-09-01 23:42:01,2021-09-08 13:30:10
400,Tara Smith,1978-09-09,davidwright@yahoo.com,+1-794-224-1468x73538,"90553 Stephanie Mountain, Lake Lindsay, NH 16111",9827013650,884495867,Unemployed,58278.34,2023-08-06 04:19:57,2020-03-03 19:09:07
401,James Mcpherson,1936-10-02,jmartinez@hotmail.com,001-401-899-1862x4013,"545 Tammy Village, East Logan, MI 47037",1802883342,155074867,Self-Employed,92553.5,2022-12-18 17:11:35,2021-06-08 00:10:17
402,Dawn Ruiz,1957-04-09,jennifer53@tanner-ramirez.com,2419506703,"101 Collier Bridge Apt. 388, Lake Cynthia, MI 56383",7873485083,924554702,Employed,175923.54,2022-08-01 17:22:34,2023-09-11 21:59:45
403,Keith Gibbs,1960-12-20,marilynjohns@hotmail.com,219.051.9694x527,"9913 Porter Throughway, Lisamouth, TN 30824",3459307581,953320223,Student,62615.58,2025-01-13 17:46:27,2024-12-05 04:32:30
404,Matthew Santos,1985-10-23,emmabrowning@keller-orr.com,173-767-5643,"388 Dennis Meadow, Davidburgh, ID 18258",5720341104,43550545,Employed,120230.35,2022-09-16 18:40:00,2023-08-16 16:20:42
405,Amanda Stafford,1993-04-10,devin81@miller.org,383-759-7601,"8341 Vargas Meadows, Hendricksberg, NE 34154",5635766483,61805417,Self-Employed,180039.63,2023-02-10 07:18:57,2024-12-07 12:47:18
406,Karen Bennett,2001-06-16,mary04@yahoo.com,050.088.8990x483,"1018 Amy Fall Suite 147, Lake Charles, OR 49150",4840011861,170189961,Employed,144547.31,2020-09-30 03:55:12,2021-07-16 18:56:50
407,Patrick Thompson,1962-06-09,thompsoncarolyn@caldwell.net,(659)306-4307,"USCGC Ramirez, FPO AE 91212",1906342325,120711460,Unemployed,180784.57,2023-08-03 02:33:27,2020-01-12 05:46:39
408,Samuel West,1962-09-01,parkerashley@yahoo.com,(715)395-5162,"USNS Jimenez, FPO AE 38627",4209598739,255150006,Student,30912.1,2024-01-09 18:52:50,2023-02-22 12:23:13
409,Matthew Oliver,1961-07-22,jorozco@schmitt.com,742-674-7648x9909,"94918 Daniels Ports Suite 907, Lewisshire, MO 32937",3990385953,983385336,Retired,32199.63,2024-12-17 17:13:00,2023-02-04 13:53:02
410,Shawn Bryant,2002-07-17,rosealex@brown.org,619.987.4593x4093,"0908 Garcia Hollow Apt. 731, West Davidport, ME 56276",9237263276,943116071,Employed,36576.94,2023-10-19 07:04:49,2022-05-29 12:58:44
411,Michael Smith,1971-05-30,hernandezvirginia@glass-estrada.com,587-880-2943x53615,"54848 Ford Gardens Apt. 522, Jamesfurt, ID 50659",8490375742,228710104,Unemployed,96011.58,2020-07-06 13:31:00,2024-10-02 07:32:18
412,Mrs. Gloria Daugherty MD,1972-04-20,ogomez@yahoo.com,195-508-4272,"18852 Chad Viaduct, Fosterview, RI 98916",4973269119,303017709,Retired,60541.58,2023-08-31 11:48:11,2021-04-02 22:18:01
413,Sarah Ortiz,2001-04-03,laurawilliams@rodriguez.biz,(641)704-5309x401,"1226 Kendra Port Suite 977, West Annfurt, DC 35578",5533988755,193765589,Self-Employed,105154.14,2020-10-22 02:38:51,2024-05-17 13:29:47
414,James Mendoza Jr.,1988-07-19,georgekaren@zimmerman.com,(335)370-8786x78469,"Unit 5212 Box 2884, DPO AE 16662",664409587,343557149,Student,83039.01,2023-01-31 00:29:59,2020-12-06 04:43:05
415,Michele Martinez,1945-05-17,craigortiz@baker-larson.com,(523)554-0884x7147,"310 Jacqueline Plaza Suite 093, New Renee, KY 19558",9177427686,198530506,Student,133889.1,2020-07-11 10:16:37,2023-05-18 23:33:12
416,Evelyn Ross,1954-06-26,twilliams@parker.com,(929)269-6677x883,"7904 Sheppard Corner, Romeroside, TN 46852",4024855165,317969928,Unemployed,55963.81,2022-10-18 03:06:12,2024-01-21 16:41:41
417,Vincent Butler,1998-09-15,jenningskevin@yahoo.com,239-347-9345x557,"050 Anna Trace, Cruzport, LA 91245",82168317,607484390,Self-Employed,199224.7,2023-07-06 22:40:05,2023-07-03 12:03:26
418,John Johnston,1941-06-26,joshua25@douglas.org,657.780.7669x98945,"99678 Justin Island Apt. 029, Sextonstad, CA 97333",6003913666,340736765,Retired,163050.65,2021-03-08 07:44:53,2024-01-19 13:45:52
419,Michael Bowman,2004-03-21,nathaniel84@meyer.com,001-159-801-5267x763,"130 Justin Crescent Suite 343, New Jamesmouth, TX 74392",9521158457,290376300,Retired,163315.62,2022-08-28 02:44:06,2021-02-12 00:11:27
420,David Scott,1984-09-05,wesley78@hotmail.com,856-283-5924,"53835 Sanders Lock Apt. 909, New Colleen, TX 84169",4157258082,215761402,Unemployed,121957.32,2024-03-07 09:34:42,2020-02-09 16:43:56
421,Latoya Collier,1984-09-12,james00@gmail.com,001-543-674-4151,"2099 Hamilton Loop, Lake Shelby, AR 67562",5293860494,957996687,Unemployed,45197.87,2024-04-22 02:39:05,2021-06-24 10:33:16
422,Charles Brown,1963-03-03,edominguez@gmail.com,431-111-9237x695,"75903 Wayne Estates Apt. 739, Garciafort, ID 70288",8015295498,798078712,Self-Employed,62128.26,2021-11-15 14:48:25,2024-04-16 01:56:27
423,Mary Waters,1996-04-02,racheljohnson@hotmail.com,+1-937-472-6094x6868,"677 Gray Mills Apt. 561, Saramouth, MS 64334",2753830817,469109939,Unemployed,129497.41,2021-09-16 09:24:12,2021-10-16 06:21:23
424,Michael Lopez,1953-03-01,tim07@rogers.info,102-745-3952x377,"326 Mack Haven Apt. 028, East Danielle, MN 11871",9706281900,703128825,Self-Employed,198172.07,2023-08-31 14:40:27,2024-04-26 01:59:33
425,Robert Obrien,1940-06-15,brownrenee@gmail.com,+1-340-685-4515x348,"15397 Ortega Groves, New Gabrielleville, WV 83872",3520123575,683100444,Student,193993.11,2020-05-31 15:45:29,2020-06-16 00:09:47
426,Christian Hammond,1997-05-21,milleralyssa@gmail.com,(003)015-3817x935,"14650 Michael Avenue, Port Trevorberg, IL 06647",6944557889,106675318,Student,147087.11,2020-07-24 01:29:01,2022-10-22 04:38:55
427,Sandra Powell,1972-08-04,ortiztammy@hotmail.com,(855)453-4315,"20434 Graham Avenue, East Juliebury, AK 71195",3921470510,592654968,Self-Employed,39199.27,2021-06-29 10:55:56,2022-07-29 18:17:19
428,Tina Rodriguez,1966-04-28,cannonmatthew@gmail.com,(289)009-2572x99584,"85424 Deborah Gateway Suite 522, Pinedaport, WA 73995",9088460464,221656525,Unemployed,35964.18,2023-11-27 10:06:22,2024-06-23 22:44:42
429,Marcia Warren,1943-09-12,terri99@burnett.com,(744)744-1236,"7835 Marsh Vista, Port Kimberly, WY 57723",4414795751,314462798,Unemployed,164086.75,2022-07-01 03:34:50,2020-09-14 04:25:30
430,Miranda Myers,1980-05-23,brownjames@hotmail.com,001-909-132-9540x107,"41484 Richard Rapid, Lake Benjaminberg, VT 31855",5461864002,321099678,Retired,198383.99,2022-06-19 17:05:15,2024-10-01 23:28:33
431,Donna Thomas,1955-09-12,reevesbrian@gmail.com,685-404-4760x27467,"203 Smith Meadows, Conwayton, NE 23371",781231029,333966836,Retired,91936.13,2022-04-25 20:20:38,2024-06-29 13:58:34
432,Samantha Alexander,1958-07-27,agarcia@odom.com,001-391-997-8796,"534 Alejandro Streets, North James, CA 30033",8394194742,860909873,Student,45894.99,2023-04-30 05:03:36,2022-08-27 01:36:14
433,Scott Saunders,1974-10-10,laurahodges@gmail.com,+1-984-474-8446x522,"79628 Micheal Viaduct, Sherimouth, MT 83062",9495110560,851186202,Student,35207.27,2020-09-02 14:40:28,2024-07-04 01:38:57
434,Sharon Chaney,2003-07-07,uross@yahoo.com,001-729-736-4289,"59212 Tammy Drive Suite 962, Reyesland, VA 03215",6956569511,247327611,Retired,21980.78,2023-04-22 20:33:54,2024-06-30 23:52:42
435,Michelle Hurley,1999-03-01,bryandiana@hernandez.org,(479)337-6422x92310,"44283 Joshua Cape, South Kevinborough, PA 87302",9062351941,281535886,Retired,64974.95,2023-01-04 09:22:14,2022-06-07 01:45:14
436,Kiara Gray,1975-05-24,larsenallen@white.org,400.558.7620,"8056 Amanda Ville Suite 442, Anthonyburgh, FL 90316",1887667758,135663105,Employed,193121.9,2021-12-12 13:58:48,2021-02-05 14:04:27
437,Jonathan Cochran,1954-03-26,edward55@hotmail.com,001-148-635-5766x9889,"23611 Wagner Harbor, Lake Patriciastad, FL 41863",161690104,733968459,Self-Employed,158434.11,2022-12-04 02:19:58,2024-06-28 22:06:29
438,Christina Mccoy,1988-01-29,natalie72@nguyen.com,308.146.0383x14888,"4481 Oliver Courts Apt. 674, Lauraside, PA 28621",6367892930,31059681,Employed,149943.66,2022-05-03 07:05:48,2020-03-22 07:07:59
439,Dr. Andrea Duarte,1968-08-23,joseph05@manning.net,(399)083-3729,"614 Henry Fall Apt. 407, Brownbury, NH 46777",3887706516,650354573,Unemployed,44718.11,2023-08-02 04:36:23,2024-07-25 05:37:09
440,Jerry Gutierrez,1991-01-02,rcoleman@mcdaniel.org,3442117983,"432 Curtis Inlet, South Frankstad, IA 04057",5197824340,936884195,Retired,168166.51,2023-04-06 16:11:29,2023-09-01 15:18:01
441,Julie Dunn,1938-06-29,kberg@gmail.com,792.785.9906x19638,"3968 Sandra Springs Apt. 116, New Robertmouth, MI 11868",5199088925,731140384,Self-Employed,182083.11,2024-01-26 18:32:46,2021-01-07 13:53:46
442,Henry Henson,1954-02-02,shicks@wilson.info,9964996376,"539 Jamie Forge, Charlesshire, CA 24102",6092534802,585467808,Student,41289.85,2024-10-14 22:07:42,2022-07-15 21:24:36
443,Marissa Martin,1968-05-29,chad41@gmail.com,499-522-4179x318,"76283 Fowler Summit Apt. 124, South Markborough, CT 71213",176008916,689774778,Student,144779.78,2020-11-28 16:45:04,2021-04-20 11:00:20
444,Samantha Campbell MD,1980-10-19,rebeccacole@hotmail.com,732.896.3942x92256,"0187 Javier Road, New Annhaven, HI 73433",4846022059,227071004,Employed,80140.21,2024-08-01 23:02:23,2023-12-25 02:45:03
445,Kerri Donovan,2000-06-02,cperry@yahoo.com,8817963375,"891 Carrillo Isle, Port Lisa, WY 52597",1332350199,333062102,Student,164695.59,2023-09-30 20:00:31,2020-06-10 10:52:14
446,Katrina Conley,1940-06-18,vlambert@barber-cox.org,001-619-410-9157x90707,"122 Acosta Cliffs Apt. 100, Wileymouth, AL 20831",7253214104,344498796,Unemployed,69422.86,2023-04-18 12:02:44,2021-12-23 23:08:34
447,Maria Cuevas,1985-05-11,schwartzteresa@hotmail.com,465.264.5228x841,"59752 Jonathan Causeway Suite 890, Port Jeffrey, WY 92630",4132036359,926393239,Student,13326.21,2024-02-26 01:01:08,2021-05-05 12:11:19
448,Emily Kelly,1936-07-10,courtney06@gmail.com,+1-999-457-7786x485,"0609 Holmes Drive Apt. 939, Tiffanyville, ND 62126",3206518505,894938445,Employed,44259.67,2022-06-10 11:19:06,2023-06-21 09:39:06
449,Daniel Mcpherson,1979-05-13,ibrown@castro.com,+1-660-552-6418x472,"PSC 6660, Box 4850, APO AE 36397",1635710298,175587757,Unemployed,62858.11,2023-09-26 04:05:55,2024-08-04 21:58:25
450,Brian Lindsey,1954-07-16,marklong@gmail.com,(991)928-0352x7304,"5736 Ryan Loop, Davidshire, RI 75808",8467239553,956238755,Employed,158147.63,2023-09-30 20:57:07,2021-05-11 05:22:31
451,Kayla Nelson,1969-06-12,hernandezdaryl@gmail.com,+1-126-465-9937x3153,"3311 Robert Harbors Apt. 583, Atkinsonville, OR 42322",2408128825,719333201,Self-Employed,32798.01,2021-10-20 04:34:22,2024-01-27 07:17:00
452,Megan Gross,1951-09-01,valerie75@harrison-fisher.com,113.558.2187,"58937 Julie Spur, Kellyland, WA 31341",2848833227,437007442,Retired,129753.7,2021-02-10 11:06:57,2024-04-13 07:35:48
453,Briana Cortez,1990-02-25,khiggins@ford.com,990.272.7365,"8912 Perez Manor Apt. 905, Michaelview, IL 56618",8620856875,430180826,Self-Employed,168579.7,2022-08-05 21:58:53,2022-07-04 15:40:06
454,Jodi Levine,1986-09-07,qsmith@hotmail.com,617-377-5008x2236,"7469 Gonzalez Mountains, Amandafort, MS 85313",5384347352,346662963,Self-Employed,155339.23,2021-02-13 17:59:10,2021-04-10 08:25:01
455,Carla Gill,1983-12-05,ytyler@johnson.com,+1-759-527-6291x3660,"Unit 1168 Box 4034, DPO AP 43279",1217658251,443587976,Unemployed,77471.89,2020-08-26 04:13:15,2020-10-16 05:46:15
456,Bradley Duncan,2004-08-05,ufrench@riggs.com,147.746.5435x0587,"1240 Merritt Bypass Apt. 444, Jamieport, WA 93177",63670103,381380079,Self-Employed,90320.92,2024-10-20 20:02:09,2020-01-21 17:30:12
457,Sean Fields,1936-09-23,alan80@yahoo.com,+1-343-919-0502x691,"13754 Rebecca Drive Suite 647, Tuckerview, WY 88225",4350598721,727532751,Employed,12684.32,2021-12-16 06:32:38,2022-12-08 14:34:50
458,Dan Jones,1938-03-29,weeksdesiree@hotmail.com,001-707-927-2779x4760,"68920 Cruz Orchard, Paulhaven, OH 46296",5938673645,977954717,Retired,194647.61,2021-09-05 12:24:01,2023-02-09 23:07:55
459,Douglas Lewis,1948-01-29,jensenjason@randolph.info,+1-506-932-8806,"432 Julie Glen, Schroederland, TX 05834",6321524814,284472889,Student,52722.68,2021-06-09 02:10:53,2020-02-08 08:18:06
460,Kenneth Brown,1985-05-23,sydneyfuller@harmon.com,7797134249,"026 Katherine Station, New Michellechester, IA 08453",1133648632,88195785,Retired,135337.9,2021-06-05 08:19:15,2023-10-10 07:32:06
461,Tammy Olson,1971-03-14,edwardsmatthew@yahoo.com,338.791.5280x084,"3413 Brown Mountain Suite 606, Leonardberg, NY 66095",8091062782,494143239,Retired,54717.77,2022-03-19 15:51:57,2021-03-12 00:20:57
462,Doris Hall,1969-04-13,wprice@yahoo.com,+1-140-872-8283x18216,"696 Schroeder Square, Lake Kylechester, ME 01662",3553567457,154075396,Student,122798.95,2021-11-01 20:21:33,2023-09-12 18:09:45
463,Lisa Cohen,1961-07-30,ashleytanner@gmail.com,(615)168-8814x815,"9562 Crystal Ville Apt. 830, Jonathanfort, FL 50148",7699021604,594508866,Unemployed,164765.37,2022-07-30 09:01:24,2021-07-31 01:22:29
464,Christie Clark,1938-05-10,andersonmark@walters.com,360-538-7164,"3279 Johnson Landing, Hendrixton, TX 40262",2830818920,52905203,Student,136418.76,2024-05-29 03:41:34,2020-12-25 12:10:30
465,Kimberly Kennedy,2007-02-11,peter73@gmail.com,001-943-717-3739x59667,"92725 Mary Manor Suite 676, Katherineview, AK 85037",4194879873,986986503,Employed,53329.06,2023-05-05 09:38:00,2020-10-13 05:20:32
466,Brittany Sanchez,1971-10-12,abooth@phillips-marshall.com,+1-350-329-6515x46477,"55831 Gary Loaf, North Christine, MN 29045",7778076721,672294171,Student,98266.29,2022-05-20 13:55:38,2024-06-25 02:28:03
467,Todd Rubio,1985-09-01,cevans@shaw.com,656.605.0070,"8115 Ricardo Gardens, Levyfurt, NJ 56858",7871960789,928618585,Retired,77284.57,2020-09-16 19:49:24,2023-04-13 15:49:29
468,Benjamin Ruiz,1963-02-06,mmorris@hotmail.com,001-771-315-8016x0065,"6780 Welch Manors Suite 002, Port Joshuafort, OH 86443",3396760577,844348013,Student,102885.63,2021-04-23 07:32:35,2023-01-22 03:58:40
469,Jessica Bender DDS,1980-03-17,whiteluis@gmail.com,(362)872-2320,"PSC 1231, Box 7204, APO AA 40205",9430608751,985868338,Retired,98431.47,2023-05-27 09:52:12,2022-11-25 20:13:26
470,Jason Moore,1978-04-01,lisadavis@gomez-hansen.com,(261)383-5399x8372,"USNS Ortega, FPO AA 62074",3847290879,564461144,Unemployed,163067.34,2023-01-11 12:21:19,2023-04-15 07:13:03
471,Mary Gonzales,1947-09-07,paulashley@hess-lyons.com,+1-955-159-0241,"57029 Hayes Field, East Ryan, NH 18163",8220957933,185443726,Student,88030.6,2022-12-16 15:43:56,2022-10-30 03:18:23
472,Amanda Robertson,1986-10-22,hollydavis@williams.com,+1-029-684-9006x451,"USS Neal, FPO AE 14650",3949569269,153060729,Unemployed,64357.12,2021-03-24 12:40:17,2020-01-17 01:45:15
473,Brittany Mitchell,1979-05-03,melindajensen@smith-parsons.biz,499.894.1353x735,"60089 Miller Mountain, West Caleb, VT 48863",2154129040,32630645,Employed,180240.99,2024-06-03 22:10:13,2021-06-19 23:32:56
474,Cynthia Harrison,1944-04-06,danielsteele@yahoo.com,546-302-2216x1552,"733 Tracey Trail, New Rossberg, TN 13440",2126923369,331847250,Self-Employed,134461.8,2020-06-12 15:41:49,2021-08-31 14:36:08
475,Manuel Bryant,1943-07-25,james24@yahoo.com,539-214-1605x1536,"USS Joseph, FPO AE 87762",434962871,474411858,Retired,132741.65,2021-11-06 14:05:06,2020-12-17 03:55:59
476,Julie Mack,1988-05-05,robert00@hotmail.com,9712471328,"735 Lopez Hills Suite 345, Port Stacie, VA 86369",1981271542,686817,Unemployed,166986.28,2021-10-23 22:36:52,2024-09-28 11:13:42
477,Crystal Simmons,1962-11-28,jeremy31@hunt.net,162-291-8487,"9769 Ross Skyway Suite 141, North Jerryton, MD 46661",1281574769,58277378,Self-Employed,197702.32,2024-09-22 23:46:26,2021-01-25 13:58:08
478,Natalie Marsh,1944-03-26,brian66@mason.org,+1-745-615-7985,"USNS Rivera, FPO AE 22105",9869720493,872062054,Self-Employed,44323.79,2024-03-18 11:17:59,2020-01-13 18:18:37
479,Andrew Smith,1977-04-23,marcuswalton@lowe-grant.com,(703)445-3352x43321,"760 William Alley Suite 564, Johnsonmouth, AR 67421",9166205763,220254956,Self-Employed,161658.84,2020-12-09 00:53:15,2024-06-21 22:42:15
480,Paul Jensen,1964-10-29,gilesdavid@le.org,+1-919-314-6835x7438,"26839 Renee Spur, Lake Sylvia, CO 15599",5527131605,248338835,Self-Employed,79522.65,2024-12-18 14:57:36,2023-12-10 00:12:35
481,Gail Stout,1993-03-24,ericguerrero@hotmail.com,705-469-1562x07638,"44680 Gutierrez Island, Kristintown, AK 39333",1049374998,288610254,Self-Employed,46821.18,2021-11-06 08:32:49,2024-01-10 02:55:51
482,Timothy Fisher,1935-06-28,hannah59@johnson-lee.com,(891)877-0798x3785,"5401 Duarte Crest, East Heatherburgh, UT 70065",8048183937,861960225,Self-Employed,175639.63,2023-02-22 20:20:48,2024-09-08 15:51:35
483,Christopher White,1977-08-11,egarcia@leblanc-edwards.org,001-014-896-8069x1512,"201 Harrison Station Apt. 529, Bradmouth, ME 37837",9576803487,441415948,Retired,34708.46,2021-04-30 19:45:26,2020-01-14 23:28:41
484,Jason Mckee,2006-12-09,josephyoung@fields.biz,(604)532-9155x97379,"4262 Ashley Common, Port Katie, IN 47627",3327340962,5826379,Unemployed,33073.55,2024-01-30 19:00:22,2020-08-03 16:43:55
485,Kristina Walters,2001-08-01,idavis@hotmail.com,001-980-649-9409x8847,"92583 Angela Ridge Apt. 792, Wardshire, OR 09459",7894014618,346294994,Retired,90120.88,2020-04-14 03:43:25,2022-11-18 20:10:47
486,Stacey Ware,1937-02-14,melissayoung@martinez-robles.com,+1-817-446-7503x607,"810 Samantha River Apt. 603, West William, KS 92503",1089179063,419906214,Student,107758.72,2021-01-10 17:50:03,2023-09-13 19:15:14
487,Melissa Thomas,2001-03-09,jacquelinebean@blake.com,(043)480-7852,"840 Baker Spurs Suite 085, West Michael, UT 28915",9129359874,953651592,Student,80202.45,2022-01-21 14:21:39,2023-03-21 23:05:20
488,Kaitlyn Carter,1952-08-29,yangdavid@yahoo.com,001-290-446-1351x2086,"PSC 0218, Box 0669, APO AP 45090",7699927796,164927362,Self-Employed,81524.87,2021-01-05 01:53:07,2023-02-08 05:39:47
489,Tim Gray,1950-07-29,jason52@hotmail.com,001-936-849-7125x56911,"850 Kyle Lodge Suite 071, Brownburgh, UT 03734",3957810493,892205608,Retired,103994.08,2022-04-22 09:52:42,2024-06-28 14:18:02
490,Sandra Garza,1966-08-20,hansendaniel@baxter.com,+1-616-332-9367x624,"4576 Lawrence Avenue, Denisefurt, TX 97867",9604699705,21812424,Self-Employed,58777.18,2023-01-20 20:17:35,2024-03-03 11:25:21
491,Danielle Curry,1950-07-27,scotthill@gmail.com,(865)023-3296x92981,"20544 Morgan Hill Apt. 452, Katherineside, WV 08025",4778435622,762417064,Employed,52810.18,2022-08-07 04:23:27,2021-06-27 20:30:04
492,Rachel Woodward,1999-06-14,rburke@moreno.info,001-416-603-0768x326,"73066 Powell Underpass, Aliciaview, NE 20223",7679345763,713858859,Self-Employed,12464.9,2020-02-17 23:37:09,2021-11-02 07:56:49
493,Christopher Sanchez,1984-08-05,david21@mccall-craig.com,375-561-0666x9647,"USNV Simmons, FPO AA 51996",3520045578,635122302,Student,83109.65,2024-05-23 04:36:27,2022-05-21 02:22:32
494,Christopher Gilbert,1975-10-03,qjohnston@yahoo.com,001-370-293-2752x05147,"57067 Trujillo Pass, Michaelfort, VA 42594",2784310274,367123030,Unemployed,166203.73,2024-12-27 14:08:09,2022-12-08 11:33:53
495,Mrs. Michelle Howell,1949-04-23,gsaunders@carroll.net,001-031-655-7840x0358,"21800 Brandon Summit Suite 851, Stephaniefurt, CA 13467",9389666056,52733920,Student,164702.8,2023-08-08 19:08:10,2020-05-10 10:19:38
496,Jonathan Wilson,1940-05-26,michelle47@clark.com,610.074.2311,"481 Timothy Manors Suite 703, Harringtonland, FL 95677",9625813735,698948490,Self-Employed,69329.36,2023-05-22 13:00:21,2021-03-15 15:27:17
497,Michael Gomez,1984-07-06,tammycarter@yahoo.com,5093561043,"58135 Morales Ramp Apt. 172, Mcintyremouth, CO 16474",267024493,122616176,Retired,101001.24,2024-03-05 01:20:34,2021-05-30 02:08:53
498,Laura Atkins,1973-09-21,winterschristopher@hotmail.com,6005328835,"6342 Bell Extension, Bryanfort, NY 73931",4779743545,880059069,Employed,92082.78,2021-10-03 13:15:52,2024-11-13 00:40:01
499,Jaime Guerrero,2003-07-16,nancymorgan@yahoo.com,4819629678,"369 Alan Bridge, New Emilyton, IL 76296",3347079248,493559480,Student,160203.87,2021-10-23 01:03:49,2022-01-02 21:11:14
500,Jose Lewis,2004-07-08,bakertracy@hotmail.com,733.133.9653x31867,"107 Brittany Ridge Suite 312, West Bryanfort, MT 39519",2260874114,461006535,Student,111182.14,2022-09-22 05:28:00,2022-02-12 17:55:05
501,Angela Ball,1980-10-06,wilsoncharles@anderson-mcfarland.com,871-206-5367,"14041 Jennifer Keys Suite 103, Abigailport, CA 95880",4221569923,280272136,Self-Employed,102933.56,2023-09-15 08:19:57,2020-12-17 21:11:59
502,Kevin Morris,1952-02-22,jeffrios@hill.net,+1-213-322-7294,"PSC 2365, Box 8775, APO AP 36054",9390814953,757100060,Employed,33015.49,2020-09-12 09:47:23,2021-08-01 23:38:02
503,Jamie Dean,1995-03-02,scottlynn@green.biz,(527)288-4967x42813,"657 Edwin Viaduct Apt. 927, Danielport, DE 98934",1946865521,398767389,Unemployed,146858.06,2020-02-15 00:44:45,2023-11-09 14:14:36
504,Tyler Robertson,1963-02-14,oshea@beck.com,428-955-3438,"883 Travis Junction Apt. 305, South Michaelmouth, NM 28265",2078923360,662611337,Employed,81101.24,2021-11-18 12:36:19,2023-02-25 05:29:15
505,Andrew Franklin,1979-03-30,matthewjohnson@gregory.com,511.365.4900x02072,"600 Brandon Mission, West Donald, VA 90557",8423831830,895545189,Self-Employed,80030.81,2022-10-06 18:27:34,2020-09-30 13:36:12
506,Daniel Clark,1964-08-21,stevenbyrd@gmail.com,(582)801-4151,"25375 Robert Land Suite 214, South Jonathan, CA 46681",3401051984,393490067,Self-Employed,148922.91,2020-05-11 23:42:20,2023-09-30 22:30:55
507,Douglas Bauer,1947-10-06,johnnygriffin@yahoo.com,001-407-736-2036x2806,"79597 Edward Plaza, Martinchester, WV 70500",4655856821,70750581,Retired,109816.68,2022-12-24 10:29:51,2024-05-21 12:39:11
508,Thomas Hernandez,1986-02-14,jeffrey84@marshall.info,(843)285-3509x9591,"32057 Ryan Circles Suite 221, Wallborough, NC 23408",4654965506,88845876,Employed,91660.27,2024-06-25 02:53:33,2020-06-21 15:31:45
509,John Barnes,1975-11-20,marycortez@hotmail.com,722.167.0098x9360,"96642 Washington Groves Apt. 690, East Maria, WV 92365",2066045177,209077105,Unemployed,110215.51,2022-07-22 10:30:32,2023-05-28 12:38:11
510,Gina Moran,1945-09-28,sherrybanks@gmail.com,001-304-388-1027x70597,"133 Weber Grove Suite 871, Lake Cheryl, NJ 89045",6954971145,324800643,Unemployed,13048.19,2022-12-10 15:03:29,2024-07-17 07:10:11
511,Amy Price,1949-09-08,thompsonjennifer@white.com,+1-880-054-5352,"8822 Freeman Brooks Apt. 766, West Larry, LA 63507",2021156141,762510645,Student,26923.83,2020-11-25 21:41:24,2020-12-28 13:51:25
512,Tiffany Ramirez,1976-08-20,rubenadams@hotmail.com,334-579-0757,"956 Kevin Mountain, Amberchester, DC 89544",5497218600,659316246,Student,124177.84,2023-06-22 04:39:35,2022-02-03 13:54:46
513,Whitney Mcdonald,1970-07-16,campbellgreg@hotmail.com,589.687.3881,"82162 Matthew Fields, North Michael, WY 51322",3135716414,567216124,Student,56370.68,2022-03-01 18:54:22,2024-03-04 18:23:46
514,Ellen Mcpherson,1956-07-05,ylarsen@murphy.com,961.733.5316x29146,"8814 Hamilton Spurs, Tylermouth, IA 27882",956801496,167488453,Student,151786.44,2020-01-10 04:55:49,2021-01-22 05:09:18
515,Breanna Stuart,1936-06-21,nwaller@evans.net,+1-933-086-0197,"0702 Bonnie Path, Scottbury, DC 96696",6211218439,101511551,Employed,143233.13,2020-08-06 10:03:32,2022-04-23 14:03:16
516,Joseph Merritt IV,2004-02-15,albert33@garcia.com,478-674-9635,"46598 Miller Ferry, Carrollbury, VA 93569",3516545175,368122497,Employed,11623.8,2023-10-03 20:53:00,2022-05-30 00:48:30
517,Mary Woodard,1957-02-06,jacob01@hotmail.com,(276)589-4214,"4939 Danielle Shore Apt. 871, Brooksburgh, SD 23070",526700653,648415280,Student,52142.88,2024-04-10 19:23:29,2023-03-02 10:38:21
518,Cynthia Hunter,2005-07-18,reedkristin@malone.net,134.131.5160x0748,"661 Lisa Shoals Apt. 575, Robertsonland, MO 31555",66565804,960632671,Self-Employed,108603.84,2024-05-18 13:31:16,2023-02-10 16:42:55
519,Amy Fischer,1950-12-02,wendyrobertson@yahoo.com,302.694.0734,"19731 Johnson Burg, Dennisshire, WA 56630",7083669319,386235113,Self-Employed,179510.52,2022-05-27 06:54:06,2024-04-27 16:33:27
520,Laura Ho,1948-07-04,lisa17@diaz.org,623-683-8613x7529,"63129 Richard Circle, Stewartview, NV 11848",2787110662,32388044,Self-Employed,194058.28,2024-05-04 00:37:44,2024-02-10 21:33:54
521,Lisa Brown,1999-08-20,rickey93@knapp-roberts.com,6037792713,"863 Mindy Meadows Apt. 807, Banksside, NE 80489",6289959213,764017182,Unemployed,133792.5,2021-03-22 17:40:46,2022-03-02 17:15:29
522,Peter Snyder,1984-09-15,linashley@yahoo.com,459.408.8598x955,"50308 Samantha Summit, Ramoston, WY 59002",7455479952,958495386,Student,69049.68,2024-10-24 10:40:50,2023-08-22 08:52:36
523,John Cochran,1984-09-15,nicholas58@mejia.com,589.207.4938x353,"0928 Gomez Streets Apt. 573, North Christophermouth, OH 95640",1406129412,832366721,Unemployed,104764.62,2023-03-03 17:05:07,2022-11-08 17:25:04
524,Frank Thompson,1996-09-28,rickpayne@hotmail.com,+1-683-613-7683x46920,"67717 Mueller Via, Makaylaborough, DE 35120",6813172537,312047156,Unemployed,72097.52,2023-04-24 04:03:37,2022-12-09 03:24:56
525,Brandon Castaneda,1964-09-15,robert68@yahoo.com,208.941.3476x3002,"6070 Weber Rest Apt. 601, West Christopherport, IL 64152",3134963703,804415928,Self-Employed,17796.03,2021-03-23 03:46:30,2022-06-29 16:11:11
526,Gregory Cameron,1943-11-20,parker77@gmail.com,(462)407-5075x6394,"872 Douglas Shoal Suite 310, Mendezbury, KS 53001",1822583780,123525988,Student,98032.06,2024-11-05 10:13:40,2024-06-04 19:33:53
527,Melissa Jacobs,1994-05-03,asanchez@blackburn-wilson.com,(624)287-0671,"52999 Tyler Dale Suite 248, South Melissafurt, TN 05601",5819124805,236759886,Self-Employed,69012.83,2021-10-08 11:45:37,2022-07-30 09:07:40
528,Cindy Rivera,1972-01-26,wheelerdakota@yahoo.com,473.173.1177,"82325 Hernandez Stravenue Suite 276, Brownfort, VA 52134",1224037528,529899217,Unemployed,195598.29,2023-05-22 22:41:36,2020-01-25 06:08:21
529,Becky Davis,1989-10-20,timothyduffy@hotmail.com,+1-411-397-9457x1520,"7850 Bryan Passage Suite 663, West Davidton, NE 99351",3838919094,281815504,Unemployed,146968.07,2022-11-05 12:28:05,2022-05-28 09:40:22
530,Laurie Williams,1949-02-23,vasquezchristopher@gmail.com,217.080.2779,"0334 John Mountains, New Donald, OH 78839",4126461538,762943525,Unemployed,94101.23,2021-09-29 23:45:45,2020-04-07 15:11:16
531,Cynthia Miles,1984-07-23,benjamingilbert@robertson.org,(066)138-2559x4334,"0190 Kaitlyn Bypass, Geraldstad, MI 55145",9390421088,387987112,Retired,160294.68,2020-01-19 14:12:27,2024-11-13 03:33:56
532,Kevin Holt,1946-09-19,john29@cox.com,578-442-1404x99936,"957 Thomas Vista Suite 237, Snydertown, PA 40487",9242337755,131525793,Retired,124368.35,2020-02-17 17:55:59,2022-01-11 18:47:50
533,Valerie Smith,1991-10-16,goodwinjessica@yahoo.com,3665216087,"47039 Steven Meadows, East Daniel, ME 84484",8011333341,624447850,Employed,150862.15,2023-08-16 22:07:50,2021-05-28 05:40:56
534,Troy Johnson,1955-07-13,dwhite@cox.com,4567588203,"5873 Kelly Viaduct Suite 587, East Peterport, ME 71117",8424095909,129666982,Unemployed,103912.74,2021-05-14 10:40:33,2022-11-06 20:53:53
535,William Smith,1986-04-08,sanderssarah@yahoo.com,+1-842-638-6753x061,"USCGC Torres, FPO AA 32966",1951918990,730389209,Student,122923.72,2021-04-21 11:56:28,2020-10-22 07:47:05
536,Elizabeth Benton,1981-08-23,klopez@hotmail.com,109.654.5480x3037,"2221 Devon Views, North Melanie, VA 04340",8749786440,604543663,Student,49228.9,2021-07-21 02:55:36,2022-09-13 14:42:47
537,Andrea Nelson,1958-04-19,hendersonmeredith@gmail.com,302.333.3026,"53809 Catherine Plains, East Kayla, NM 33336",4307424289,41016277,Unemployed,171588.54,2020-07-13 14:35:21,2022-04-16 06:08:41
538,Howard Owens,1973-10-11,christopherlopez@salazar.com,383-021-4719,"93779 Phillips Shoals Suite 019, Port Kevinchester, IL 71945",2558613456,902361878,Student,37697.03,2023-08-19 09:06:27,2023-01-25 03:14:56
539,Kayla Phillips,2006-05-31,psaunders@yahoo.com,940-681-5200x75056,"54034 Arnold Road Apt. 674, Cookfurt, NE 11488",2121281269,472519269,Employed,142052.58,2024-07-27 22:17:01,2023-09-14 15:35:24
540,Cynthia Fowler,1980-05-09,kimberlyhenderson@gmail.com,(737)317-2529x448,"6655 Cook Forks, Jessicaside, NY 44658",7049301932,168388778,Student,135452.18,2022-01-24 15:32:15,2020-08-27 02:09:39
541,Sharon Cain,1988-08-27,bridgetsmith@martinez.com,(542)322-3471,"08845 Walker Ramp, Lake Michaelland, NV 56631",4327817598,353627264,Self-Employed,63975.86,2021-09-19 14:51:16,2023-02-07 02:25:25
542,Daniel Sullivan,1983-06-26,ronaldlee@gmail.com,001-535-995-4892,"5429 Henry Lights, New Michealmouth, RI 31239",6240338744,423367421,Student,111680.11,2020-03-04 04:36:48,2022-11-03 07:29:37
543,Jeffery Hampton,1961-09-10,morriscindy@martinez.com,+1-211-851-6769x14791,"005 Frazier Stream Apt. 166, Martinezborough, IN 23572",7450196837,511247662,Unemployed,107723.33,2023-09-07 21:01:50,2021-04-01 20:50:39
544,Rose Scott,1981-07-17,ruth10@torres-smith.com,964-629-2680,"0047 Fitzpatrick Lock, Russellborough, AZ 29134",3041485649,891665904,Student,122177.49,2024-05-08 22:14:17,2024-09-06 23:47:00
545,Derrick Hernandez,1942-10-29,garciabrenda@alexander-baker.com,+1-954-685-5331x3469,"2011 Sheila Drives Suite 950, New David, MA 07053",2453807906,519779377,Student,112885.09,2020-07-19 00:03:33,2023-12-24 00:06:00
546,Deanna Lopez,1963-06-22,ayersrobert@gmail.com,105.187.6558,"2497 Williams Crest, Smithton, ND 35379",4947435398,684138726,Unemployed,74195.69,2023-08-05 01:44:59,2023-03-18 13:42:36
547,Benjamin Murray,1957-11-28,shelbyshaw@becker.biz,627.280.2692x65636,"520 Richard Center Suite 116, East Patrickfort, FL 64180",2555836579,80304250,Self-Employed,148597.41,2021-01-21 03:34:38,2024-09-11 23:53:05
548,Richard Daniels,1972-03-08,adamsmelissa@hotmail.com,+1-713-745-0441x06675,"USNV Graham, FPO AA 68974",1201532846,543114597,Unemployed,173872.25,2020-04-17 20:17:25,2022-03-13 04:08:33
549,David Archer,1994-07-20,ugarcia@bailey-long.com,001-691-439-2717x7961,"770 Cline Hill, West William, WI 60661",9487019176,206159111,Self-Employed,67443.74,2021-01-17 15:26:00,2022-05-20 22:40:19
550,Rhonda Martin,1982-07-12,paulharrison@gmail.com,426.705.8486x440,"2881 Guzman Orchard Suite 964, West Robert, SC 16762",1131081703,122924082,Retired,168906.17,2023-05-31 14:27:24,2023-07-05 23:39:12
551,Brian Torres,1957-03-09,wbowen@yahoo.com,991.477.4584,"17874 Jill Flats Apt. 738, New Anthonyfurt, NV 41469",4142235377,366785114,Employed,199061.82,2025-01-27 21:41:26,2021-04-16 00:38:19
552,Renee Torres,1993-12-08,johnsonvictoria@yahoo.com,(693)311-9964x6662,"39225 Meyers Forest Suite 468, Peterton, FL 17536",4212278039,390034033,Retired,95592.89,2023-01-28 04:55:56,2023-02-05 00:27:53
553,Kathryn Kramer,1990-05-20,oking@smith.com,448-063-1466x986,"29394 Robertson Rest, Nicholaston, HI 25025",3335391261,650200384,Student,62101.11,2021-02-26 12:12:43,2023-08-17 23:53:00
554,Kenneth Simpson,1938-04-16,toni48@hunt.com,374.427.7702,"8402 Rice Courts Suite 381, Lake Maryberg, AL 64528",1826910120,764767561,Self-Employed,182297.29,2020-12-12 15:25:22,2021-05-27 23:42:59
555,Phyllis Gonzales,1955-09-27,meyerkevin@hotmail.com,001-321-789-5454x9790,"84987 Jesse Lakes Suite 537, Lake Kayla, UT 61004",5962269515,281552321,Student,53747.72,2023-12-03 12:33:02,2024-08-17 00:32:40
556,Gail Carroll,1956-07-24,jennifer55@duarte.biz,630.976.4676x3305,"80267 Quinn Junction Suite 382, Wendystad, PA 59573",8305389593,459236278,Unemployed,54980.13,2021-03-14 23:34:00,2023-09-07 03:03:15
557,Andrea Stone,1959-09-24,ronald65@hotmail.com,(300)633-0750x5348,"59542 Brandon Glen, West Bobbyfort, OR 65959",8174735935,842910557,Retired,138709.69,2023-02-18 10:20:07,2023-11-01 04:58:23
558,Tom Garcia,1980-08-04,belldaniel@kennedy.com,222.790.4585x6990,"18421 Johnson Ville, Williamsfort, DE 41722",7553365549,167231331,Retired,160227.68,2021-03-16 22:36:33,2023-11-24 20:42:57
559,Sean Murphy,1946-03-12,brett26@yahoo.com,287.089.7773,"818 Schultz Rue Suite 600, Flemingfort, SD 83412",234731244,163479187,Self-Employed,37630.15,2023-04-14 20:06:46,2022-09-06 09:00:19
560,Nicholas Bolton,1985-01-08,john64@yahoo.com,(741)762-3622,"3526 Sharon Mission, West Michaelview, NH 89485",9656571695,240251736,Unemployed,190819.31,2024-06-14 01:01:10,2023-02-10 01:50:11
561,Jennifer Allen,1936-08-05,jordandonald@hess.com,7513046252,"69296 Sims Islands, New Henry, AL 07817",5571420719,358129553,Unemployed,160147.93,2020-02-02 21:54:01,2024-01-30 17:30:11
562,Kristen Stone DDS,1960-09-18,harrisamy@gmail.com,001-523-821-5297x33634,"03197 Moore Shoals Apt. 697, West Dawn, WY 70863",6362185267,615518274,Student,142264.69,2022-02-06 04:19:54,2023-07-13 10:03:58
563,Katie Burns,2005-05-04,brownanthony@hotmail.com,243-480-8975x5172,"682 Fitzpatrick Unions Apt. 601, Lopezborough, NM 02136",4933217972,584553423,Unemployed,185786.55,2022-04-12 12:45:48,2022-08-11 17:02:50
564,Joann Mora,1938-03-02,jennifer03@yahoo.com,2678282897,"773 Sabrina Vista, North Anthonyfort, AZ 19990",2771516717,889502366,Retired,61473.39,2023-03-03 17:30:33,2021-01-28 22:06:34
565,Kimberly Barnes,1978-02-22,jennifer82@mcbride.com,711-678-6267,"989 Hailey Ways, New Andrew, SD 01290",9544521963,344225925,Student,184167.67,2023-05-04 18:20:25,2022-06-21 17:10:31
566,Karen Morris,2001-03-21,washingtonthomas@maddox-williams.com,(599)487-8330,"85641 Daniel Hill, Cynthiaside, SD 21492",2768194649,768656098,Retired,81434.67,2020-10-10 22:53:52,2022-07-20 18:06:39
567,Adrienne Johnson,1947-04-13,matthew17@newman.com,791.787.8834,"49103 Jacqueline Hill Apt. 505, Port Jasonville, NE 55685",4124471042,850663057,Retired,60109.56,2023-01-29 22:28:05,2021-01-25 09:44:03
568,Rebecca Barnes,1962-06-03,kristinasanchez@thompson.com,+1-133-594-5237x693,"95935 Miller Lakes Suite 825, Newmanstad, IN 48555",3789825886,992065909,Unemployed,153759.5,2020-02-24 05:32:34,2023-11-08 06:22:05
569,Erica Parker,1945-09-07,kristingreene@yahoo.com,(469)320-5453x6529,"741 Christina Row, New Craigshire, NC 65345",3978335999,614928107,Unemployed,107512.83,2022-07-12 02:53:21,2023-12-13 02:08:49
570,Kim Hale,1973-03-04,tschultz@stevens.com,+1-595-354-4960x260,"7423 Austin Ranch Suite 380, Norrisfurt, UT 40986",3373978650,978001980,Employed,114256.2,2021-07-24 20:24:38,2023-08-22 17:20:11
571,Henry Adams,1967-12-21,pgonzales@yahoo.com,9293139501,"59781 Lambert Plaza, Lake Emily, WY 97984",2689343153,986590339,Retired,153697.09,2020-02-10 22:08:23,2021-04-30 17:42:55
572,Tammy Huynh,1969-09-30,erica29@yahoo.com,201-268-3258,"74281 Reginald Mountains Suite 329, Jonesstad, ND 87126",9294999763,374860738,Employed,165382.99,2021-09-01 13:42:43,2024-11-05 02:57:36
573,Anthony Brown,2006-08-30,thomas16@gmail.com,+1-444-420-1866x161,"496 Medina Fall, Kevinside, SC 74205",7445055493,177766243,Unemployed,13872.14,2022-04-28 21:07:39,2022-08-12 22:28:01
574,Tonya Thomas,1990-07-31,paulstevens@jones-weaver.com,(983)954-6128,"532 Julie Motorway, Pagemouth, CO 06782",9528140831,314999663,Student,59285.56,2023-07-12 04:59:26,2020-02-19 21:59:10
575,Nancy Foster,1981-04-19,davisjoseph@gmail.com,001-139-382-6821x7906,"69908 Mary Turnpike, North Andrew, NJ 39573",4374966391,863536683,Retired,69875.14,2022-04-01 08:11:48,2024-05-12 00:23:58
576,Amy Smith,1962-03-22,jameshughes@taylor-gardner.org,(912)479-1530x888,"10695 Jessica Throughway Suite 678, East Jesse, TN 57176",3411438473,439568333,Employed,61862.72,2023-10-25 12:33:15,2021-02-14 21:35:40
577,Shannon Smith,1960-12-18,ewebb@williamson-kim.com,883.441.2969,"87782 Rebecca Locks, South Lindsay, AK 50956",9639548402,809694462,Employed,192590.6,2024-10-09 09:10:17,2020-12-21 04:25:44
578,Juan Green,1976-02-20,stevenpatrick@hotmail.com,001-971-256-6921x85252,"0302 William Drive, Jonesfurt, MS 31389",2743448421,644934479,Self-Employed,85673.35,2023-04-05 12:02:49,2020-10-18 04:43:20
579,Heather Jimenez,1935-06-01,montgomerymichael@reid-watkins.net,(961)372-0239,"0687 Mark Highway, Reeseville, MD 85667",2197019723,500302881,Employed,58963.58,2023-08-13 08:08:38,2021-11-07 21:20:14
580,Deanna Jenkins,1959-08-13,stephensoncrystal@sanchez.org,622-864-5783,"PSC 9489, Box 2111, APO AA 13260",1486576858,5913861,Self-Employed,116504.96,2021-09-16 12:10:33,2024-09-25 12:28:01
581,Matthew Whitney,1948-04-02,thomas72@alvarado.com,+1-568-561-7635x83752,"574 Salinas Rest, Liutown, MA 58831",4640840007,129691736,Student,138324.36,2022-10-10 23:48:30,2021-07-06 22:05:48
582,Carlos Ferguson,1940-09-23,donna17@hotmail.com,+1-591-285-2803x299,"9273 Gabriel Drive, Williamsonfort, MD 62243",4444760079,195850378,Unemployed,12256.97,2024-02-24 13:03:22,2021-08-31 21:10:45
583,Melissa Ferguson,1970-02-16,dfowler@brewer.com,001-549-194-1878x4821,"95698 John Harbors, East Steven, CT 90237",8987682806,507195257,Retired,67102.56,2022-04-28 01:02:19,2023-09-24 12:15:54
584,Latasha Gregory,1948-09-26,emily26@white.com,+1-800-205-5913x692,"Unit 9954 Box 1024, DPO AP 85979",3133423129,417230475,Unemployed,109993.44,2021-12-30 05:57:20,2023-03-09 17:48:16
585,Christopher Martin,2005-07-09,jennifer00@johnson-brown.com,(120)737-7017x781,"882 Oliver Place Apt. 237, Lake April, MA 27434",9791299265,780649104,Unemployed,60703.68,2022-07-25 04:37:24,2024-06-18 18:32:53
586,Phillip Calhoun,1981-06-06,rjones@gmail.com,+1-398-736-9416x92101,"587 Cheryl Glen, Fowlerstad, CT 46353",9338892724,815214243,Student,56966.42,2024-10-30 17:07:39,2024-07-19 09:18:45
587,Tamara Martin,1996-07-05,vnash@vaughan.com,634-955-5685,"4237 Morrison Parks Apt. 134, Sandraberg, HI 16584",9709232655,1336372,Retired,37413.15,2024-10-10 06:08:10,2022-10-13 12:38:47
588,Sabrina Ortiz,1963-10-19,lcarney@ramos.com,153-840-4587x77976,"650 Christopher Mews, Clarkbury, IN 92124",1797955164,601601985,Unemployed,14851.59,2021-05-04 06:42:53,2023-11-12 17:15:30
589,William Chapman,1975-06-21,david14@yahoo.com,(576)958-7318,"3888 Jackson Burg, Lake Christinachester, MO 52717",6978782537,308903697,Unemployed,175482.63,2020-01-16 13:20:52,2022-07-19 21:55:20
590,Erin Noble,1940-08-02,xfisher@silva.com,844-413-5570,"92879 Richard Branch Suite 100, Lake Ashley, TN 40191",3962633279,445241604,Employed,19865.76,2024-03-30 18:36:58,2023-12-28 22:42:35
591,David Johnson,1998-05-09,qclark@stevens-freeman.biz,409.229.2177x551,"87185 Chung Burgs, West Meganhaven, AL 95548",2771925701,543602465,Employed,99541.59,2023-11-23 06:09:03,2021-07-11 12:50:09
592,Mrs. Tiffany Le,1989-10-06,lauramcconnell@yahoo.com,(840)680-6899x3630,"565 Edward Greens, South Johnshire, NV 72508",511674474,747441188,Retired,52183.82,2024-03-15 12:20:32,2021-03-29 11:55:24
593,Cathy Murray,1968-06-08,millerjose@hotmail.com,378-304-6579,"669 Debbie Stravenue, Pinedaberg, CA 64269",8677058908,123814434,Self-Employed,109352.77,2024-08-07 12:58:15,2024-07-20 12:46:43
594,Hunter Frost,1955-06-19,pbishop@gaines.biz,+1-066-914-8454,"Unit 4182 Box 8249, DPO AE 69534",7016987868,894613053,Student,43896.66,2022-12-11 21:54:58,2024-07-04 02:01:32
595,Joel Franco,2004-01-10,ccollins@yahoo.com,+1-450-101-6794,"4984 Matthew Expressway, New Melissa, ND 61640",9847526327,802271035,Unemployed,170896.16,2022-05-09 15:41:07,2020-07-20 23:38:11
596,Christina Allen,1986-10-11,ashleydennis@murphy.com,001-238-376-8256,"9803 Richard Forks, West Frankshire, AZ 26295",6184125444,367386623,Employed,28734.92,2024-06-28 02:06:11,2020-03-20 15:35:05
597,Stephanie Castillo,1989-03-21,allisongarcia@hotmail.com,781-664-8556x568,"2922 Aguilar Place Apt. 390, Lake Ericfort, DE 69224",8870374869,898186271,Student,157065.44,2021-06-22 16:45:56,2020-07-30 23:02:41
598,Christopher Oconnor,1992-10-24,eugene42@yahoo.com,+1-298-049-4713x44153,"993 Richard Motorway, North Elizabeth, KY 91372",2150980163,969513184,Retired,139613.37,2024-12-03 22:56:08,2022-03-22 21:36:41
599,James Garza,1948-01-26,alyssa67@hanson.com,724-447-5647,"94533 Hernandez Crest, East Gregorymouth, IL 15134",4232492497,50327654,Unemployed,85830.98,2024-11-01 18:33:41,2021-04-17 01:50:14
600,Rachael Davies,1944-11-17,blanchardcasey@gmail.com,001-934-667-6803x78850,"8932 Ortega Rest, Dixonside, WY 54828",7188805847,624352863,Student,119498.23,2020-09-09 23:31:44,2022-03-19 21:23:20
601,Darren Shelton,1963-10-01,fcunningham@vaughan-juarez.biz,7383571765,"643 Barry Causeway, Port Angela, MO 75935",96765427,64033855,Retired,135114.23,2022-02-25 04:14:56,2024-02-29 03:06:16
602,Cesar Sanders,1956-11-14,briggsjohn@hotmail.com,+1-227-245-8438x19396,"54860 Potter Mall, West David, IA 40081",5914090886,696477357,Retired,116426.04,2023-02-20 13:23:28,2022-07-18 17:40:31
603,Calvin Serrano,1936-10-22,cynthia09@carlson.com,459.191.2252,"262 Ruiz Skyway Suite 252, East Carloshaven, MN 56389",2473523680,214161694,Self-Employed,109295.16,2020-02-06 12:41:37,2023-01-30 16:13:55
604,Kelly Knight,1975-11-04,ijohnson@gmail.com,194-446-1283,"356 Wilkinson Vista Suite 646, Stewartchester, RI 89409",69400017,966132326,Retired,195523.04,2024-07-20 12:35:13,2022-02-03 21:15:08
605,Katherine Bowen,1982-08-26,michelle85@hotmail.com,+1-686-230-4400x941,"USNV Ferguson, FPO AA 32299",8106475915,213547749,Retired,36682.83,2023-06-28 15:54:19,2024-03-31 23:27:00
606,Willie Duke,1969-09-20,veronica58@yahoo.com,324-388-6749,"588 Davis Club, South Kelseyborough, AK 93116",8715663754,480541183,Retired,196734.09,2021-04-03 00:22:20,2021-12-09 04:19:35
607,Sara Brown,1948-07-27,howardmatthew@hotmail.com,828-967-7194,"PSC 1907, Box 8391, APO AE 65277",9775608521,945700977,Unemployed,123490.55,2020-04-02 16:46:35,2024-09-01 02:46:49
608,Caitlin Hunt,1982-04-16,tlowe@gmail.com,8508924449,"42765 Martin Streets Suite 826, New Phillip, MI 23770",3355398686,21238405,Student,113906.63,2020-09-25 16:11:14,2022-07-28 06:23:16
609,Patricia Vega,1940-06-04,greentiffany@daniels-patterson.com,001-328-470-2370,"290 Padilla Landing Apt. 971, Williamborough, IA 72349",6253150951,122321985,Self-Employed,100491.37,2022-01-21 15:26:13,2020-07-09 07:36:35
610,Brittany Bryan,1976-05-26,karen56@brooks.com,+1-319-161-0865x764,"74038 Mitchell Falls, South Joseph, KS 55688",132532300,66244222,Self-Employed,150690.63,2023-12-29 15:34:55,2022-08-29 19:43:44
611,Amanda Smith,1986-11-15,patricia67@ellis.info,8558223586,"039 Hill Road, Loweryshire, TX 38278",1458773656,371646272,Student,199002.87,2023-05-19 21:11:31,2024-04-15 15:36:53
612,Curtis Diaz,1976-12-10,mrodriguez@yahoo.com,(979)082-8179,"USCGC Gill, FPO AA 25687",7203895943,253462552,Self-Employed,64883.8,2024-09-08 20:58:16,2024-01-10 19:48:26
613,William Lowe,1994-11-18,oroberts@campos.org,117.124.8032,"38059 Paula Run Apt. 576, Lake Melissa, TN 01270",3759155766,968941004,Retired,28416.65,2023-07-07 08:42:55,2024-01-19 01:09:49
614,Dr. Antonio Arias,1951-02-14,odavis@yahoo.com,+1-364-436-5680x2750,"928 Kennedy Street Apt. 826, Port Nicholeville, CO 72208",2344567884,669364828,Unemployed,118792.17,2020-04-11 21:41:48,2023-04-02 13:07:01
615,Debra Espinoza,1937-04-21,jason68@yahoo.com,(965)446-5769x673,"6580 Tricia Terrace Suite 675, Cameronstad, IN 21192",5338226806,454381784,Retired,88978.01,2022-12-10 08:23:37,2021-07-10 01:42:32
616,Dr. John Fuller PhD,1945-07-18,zatkins@gmail.com,001-100-883-3648x2483,"3218 Allen Estates, Castromouth, KS 99390",7419694586,243607423,Retired,171830.68,2022-02-09 17:16:12,2020-09-19 07:19:03
617,Karen Smith,1981-01-31,hubbardmorgan@yahoo.com,850-839-5161x65298,"25369 Chambers Lights Apt. 622, West Heather, WV 84912",5771351959,405972344,Retired,66382.17,2021-08-14 19:20:16,2022-07-06 10:17:18
618,Kaitlyn Curtis,1982-07-13,kylebishop@yahoo.com,+1-419-240-0429x2063,"USNV Ramirez, FPO AP 47656",7495080179,202717228,Self-Employed,177881.14,2024-10-24 15:18:22,2024-04-07 04:46:31
619,Cindy Ford,1991-10-18,nicholas07@walker-lucas.biz,+1-817-978-7117x91036,"527 Nathan Rapids, Maryview, HI 33504",5807838510,49755256,Unemployed,87385.25,2023-08-12 00:28:57,2020-06-19 20:12:06
620,Katherine Austin MD,1963-05-21,cmiles@kim.com,992-954-2287x6744,"Unit 2687 Box 9233, DPO AE 85909",9905626327,809783894,Student,191263.77,2023-08-21 15:36:18,2023-01-10 02:53:21
621,Chloe Smith,2002-08-02,eric33@gmail.com,(660)146-8497x5066,"84372 Anthony Tunnel, Theresaport, CA 61463",2747872813,8725637,Unemployed,67543.72,2021-12-11 22:06:07,2022-02-12 02:50:22
622,Jacqueline Johnston,1949-05-23,sharon20@fry-oconnell.info,8402828265,"13323 Donna Place Apt. 647, West Nicoleport, UT 94622",3767366651,165662991,Employed,187290.67,2020-08-07 12:41:30,2022-10-18 12:19:14
623,Dr. Cameron Cannon,1985-12-25,perezjudy@yahoo.com,647.442.6176x99160,"935 Oliver Run Apt. 266, South Nancy, ND 99360",2478740022,107122894,Employed,146259.44,2021-11-24 02:57:17,2023-03-07 14:17:29
624,Cynthia Miller,1969-07-24,gordoncynthia@rose-cooper.com,758-147-5185x2791,"89412 Emily Plaza, East Joshuastad, TN 32625",1589405898,168736809,Employed,169367.73,2022-08-15 06:21:08,2021-01-23 16:49:46
625,Alan Gay,1955-02-24,ronniethomas@vasquez.com,+1-735-496-9502x822,"622 Jennifer Mews Apt. 327, South Jeffreybury, MO 52927",8856016490,349445585,Self-Employed,197517.66,2021-02-28 23:56:11,2021-08-08 04:58:35
626,Michael Ramsey,1955-09-20,heatherspears@yahoo.com,276.058.3599x57767,"59341 Michael Square, Matthewburgh, WI 09762",7656065396,476304609,Retired,120545.37,2022-11-25 11:40:29,2022-07-01 23:58:30
627,Holly Dunn,1937-09-24,stephanie48@yahoo.com,+1-026-040-7638x63983,"PSC 9787, Box 8662, APO AE 61253",6993627522,839907475,Unemployed,143282.52,2020-11-05 07:37:12,2023-08-10 01:57:59
628,Bobby Hernandez,1942-06-18,kimrick@lee.org,767-003-9269x15138,"758 Wyatt Burg Suite 738, Lake Kelly, MS 87001",6032201594,97276180,Retired,133381.95,2020-06-22 09:45:25,2021-11-13 13:36:37
629,Meagan Richmond,1943-03-30,wmcdonald@rios.biz,+1-400-908-7580x0711,"1854 Kelly Radial, Timothyborough, NE 48278",5241874127,263236770,Self-Employed,21089.86,2024-04-12 20:32:09,2023-02-22 06:15:23
630,Glenn Smith,1958-02-21,cindyrichards@hickman.com,500-565-7386x6618,"51956 Nicholas Mission Suite 145, West Dawn, MO 28249",4411849530,528281300,Unemployed,12549.04,2021-07-07 12:06:03,2023-02-02 21:38:36
631,Frederick Ramirez,1967-12-27,craigrandy@gmail.com,928.771.7753x25885,"2962 Bishop Street, West Kristineview, OR 89314",921253890,293256230,Unemployed,178298.54,2022-08-27 16:42:57,2020-05-08 01:02:34
632,Terry Reyes,1987-11-08,jacob79@yahoo.com,382.267.8438x67155,"USNV Hernandez, FPO AE 55423",3135706745,235455934,Unemployed,114649.37,2021-11-13 13:21:38,2023-07-05 10:02:42
633,Todd Strong,1967-08-09,zstewart@hotmail.com,355-795-9670x53377,"8723 Robert Radial Suite 136, East Madelineburgh, HI 78902",2455397373,36739438,Unemployed,161110.08,2020-01-06 03:13:19,2020-04-15 04:13:08
634,John Perry,1992-10-15,wallacemichelle@tran.com,+1-998-175-1560x550,"48691 Smith Rapids Suite 657, South Ambermouth, KS 04894",3261027990,88841747,Self-Employed,164897.16,2023-06-29 17:35:31,2022-04-06 08:15:32
635,Earl Reed,1949-05-23,carol53@hotmail.com,001-546-813-6046x148,"Unit 5590 Box 6789, DPO AP 65355",4734553582,846992506,Retired,103176.48,2022-02-08 22:36:41,2024-06-27 01:40:34
636,Anthony Figueroa,1953-10-22,qbuchanan@gmail.com,506-851-9897,"USS Harris, FPO AE 85166",6347865401,660488570,Self-Employed,122819.58,2020-05-07 18:57:58,2024-04-02 20:41:53
637,Francisco Baker,1951-07-16,josephsmith@crawford.net,907.703.6819x18241,"35167 Keith Circles Apt. 307, Conniemouth, FL 27817",1742363314,810596581,Self-Employed,43723.35,2022-10-27 03:31:02,2024-06-11 11:20:42
638,Austin Foster,2002-02-26,uchurch@gmail.com,001-765-160-7816,"73395 Norris Lock, East Alicia, UT 46259",5888534574,963118888,Self-Employed,141320.15,2025-02-13 02:50:28,2023-05-07 17:29:23
639,Felicia Roberts,1980-07-08,loriklein@gmail.com,001-278-080-2882x35625,"0576 Neal Plain, Joshuafort, WA 35783",6381120436,622328327,Student,91175.88,2022-01-29 01:37:01,2021-08-14 11:05:53
640,Jasmine Wheeler,1971-07-26,jasonmiller@hotmail.com,001-668-431-3455,"15803 James Ranch Suite 830, Stephanieton, WY 00814",1369615097,340336760,Unemployed,178457.73,2020-05-06 18:24:14,2023-08-14 16:59:51
641,Collin Paul,1966-12-23,gmoody@yahoo.com,151.061.1009x5914,"58134 Vasquez Club Apt. 305, Christinetown, MI 49081",3196458953,469882445,Student,110937.28,2024-07-10 14:55:19,2023-12-09 12:24:53
642,Nicholas Chang,1970-08-04,yangwilliam@reilly-williams.com,9299989837,"9232 Richard View, West Deborahstad, HI 56880",7845944807,226487771,Unemployed,72422.53,2023-01-17 01:05:21,2020-05-06 05:32:11
643,Nathaniel Mathews,1996-05-17,crawfordgary@morgan-hoffman.com,5895180412,"54789 Jessica Knolls Apt. 546, North Thomas, AR 21294",4340713439,719905195,Retired,51609.81,2024-06-20 21:53:33,2022-06-08 08:12:38
644,Tina Deleon,1957-10-05,vcastillo@george-johnson.net,592.104.0562x022,"39202 Jenkins Plaza Suite 425, South Alec, WI 84815",2723147303,419147182,Retired,193824.35,2023-03-05 18:27:32,2024-07-24 22:28:05
645,Cindy Christensen,1982-10-31,anthonyray@hotmail.com,8048770286,"9965 Sanders Crescent, North Rebeccaport, DC 82627",5640581956,621313528,Self-Employed,145766.57,2020-08-30 06:07:33,2024-09-14 02:26:38
646,Shawn Cunningham,1979-07-31,bjohnson@weber.info,(844)457-6858x7344,"4648 Karen Alley Suite 155, Smithshire, IA 83112",8308193676,947944080,Self-Employed,105499.1,2023-03-20 06:58:57,2023-05-20 04:53:12
647,Ryan Lloyd,1941-10-02,dicksonwilliam@wilson.info,530-803-9926x523,"36289 Reed Junctions Suite 008, Orozcofurt, SC 59630",5694140236,618659509,Employed,138864.54,2025-02-09 13:59:35,2021-07-16 12:42:05
648,Darlene Shaw,1988-04-29,denisedaniels@arroyo-kirby.com,477-756-4091x745,"129 Joanna Plains Suite 210, New Jacobmouth, VT 39323",2475511599,790621699,Unemployed,154345.78,2024-08-27 16:59:09,2022-06-23 02:05:11
649,Andrew Martin,1939-12-20,moonrobert@hotmail.com,001-746-806-4066,"68752 Suzanne Village Apt. 054, West David, WY 57656",6737881821,451248204,Retired,172654.0,2022-06-17 05:13:44,2023-02-28 04:34:55
650,Christopher Velasquez,1961-01-15,michaelellis@peterson.info,(558)681-9657,"45015 Margaret Points Apt. 183, Larsonport, TX 92262",1928609565,722944436,Student,191888.98,2022-12-16 07:04:16,2022-11-03 01:09:25
651,Rachael Pollard,1990-02-17,imanning@robinson-davis.org,716.799.4578,"93383 Finley Falls, Patrickmouth, MS 72417",8909559944,466128530,Unemployed,17566.47,2022-02-02 14:14:07,2021-06-01 06:07:37
652,Gary Ramos,2003-02-25,joserandolph@shaffer-cooper.org,735.929.1250x985,"4096 Ford Keys, Emilymouth, NC 93678",5361772832,254791330,Unemployed,58650.11,2021-10-10 20:48:51,2021-10-27 18:36:24
653,Luis Gonzalez,1941-12-02,craig53@hotmail.com,001-061-004-0338x606,"25989 Frank Station Apt. 484, Matthewburgh, OH 81002",9879980647,860742858,Unemployed,104177.67,2024-06-21 01:58:00,2021-08-24 14:41:24
654,Carolyn Chandler,2004-06-18,vrice@hotmail.com,001-364-883-6561x027,"55038 Jacqueline Valley Apt. 821, Lake Patricialand, MA 66339",831946670,329611262,Unemployed,23077.6,2023-05-18 18:18:18,2024-02-01 14:24:49
655,Kendra Mayo,1996-11-23,cbernard@brock.com,+1-511-823-9153x0938,"9542 Tucker Ports, Choiside, DE 41221",549126469,40118789,Employed,70966.55,2021-03-08 04:11:34,2020-04-24 14:38:25
656,Jordan Lopez,2002-10-20,ylowe@berry.biz,057.947.4014x41634,"3259 Jimmy Roads, Yorkburgh, IA 85694",7561791273,46280219,Unemployed,109642.51,2021-12-07 10:50:49,2022-07-11 22:15:18
657,Bethany Preston,1972-03-13,andrewhurley@middleton-lopez.com,580.345.4791x30831,"020 Nicholas Ways Suite 501, Lake Shannonhaven, ME 44577",7142857225,915682102,Unemployed,45464.45,2020-10-06 10:16:48,2023-03-31 14:37:17
658,Tracy Barrera,1961-07-03,brian26@miller.com,+1-805-777-7362x4633,"PSC 6386, Box 3996, APO AP 15460",3689299713,673100948,Employed,80223.79,2021-12-25 18:59:10,2020-07-14 14:43:03
659,Emily Dunn,1949-01-25,ericpeterson@robinson-moran.biz,+1-473-956-2437x42896,"2037 Hill Harbor Apt. 727, Marksport, MT 04796",2481740740,211167039,Employed,184252.19,2020-02-29 17:58:10,2022-07-14 01:31:45
660,Stephanie Lane,1940-01-19,cneal@yahoo.com,5814261747,"1219 Shannon Lake, East Nathanview, KS 60816",2055449859,793997640,Student,183440.21,2024-10-07 12:28:49,2021-01-31 23:31:47
661,Kayla Evans,1955-08-04,karnold@hotmail.com,001-745-103-6417x8227,"8409 Cook Pines Suite 460, Patrickville, TX 39894",1150448918,298544325,Employed,126588.28,2022-08-29 09:30:22,2024-12-24 10:59:22
662,Edward Hudson,2005-05-01,tylerrobles@gmail.com,001-537-276-6552x0749,"092 Jeremy Knolls, North Austinhaven, ME 44118",8345661973,514338855,Retired,75777.25,2023-02-10 06:08:00,2021-12-19 03:00:45
663,Deanna Thompson,1936-01-09,qharris@haney.com,500-543-0622,"1149 Kayla Villages Suite 976, Port Alexandra, AL 32080",6056810700,7341597,Self-Employed,160243.18,2025-01-19 15:58:42,2021-03-29 06:47:50
664,Molly Allen,1936-12-18,qbeasley@gmail.com,(711)998-5776x39972,"61207 Jeffrey Groves, South Henryfurt, MD 98026",3063263115,646811478,Self-Employed,65598.32,2022-01-14 09:04:37,2022-08-24 05:07:33
665,Jordan Williams,1934-03-01,deborah22@hurst.info,001-501-851-0940x4728,"99566 Coleman Trail, Port Dustinfurt, NY 23000",1856005982,86128045,Employed,128540.41,2022-07-13 20:24:49,2020-09-03 04:26:39
666,Mark Roth,1955-03-14,jeanettegross@decker.biz,193.382.5899,"7481 Trevor Lakes Apt. 709, Rodriguezside, NJ 85550",1637929268,759321239,Student,50518.82,2020-10-05 23:28:41,2024-04-17 22:03:32
667,Lisa Crawford,1954-04-22,sampsondaniel@dickson.com,+1-175-859-6307x57743,"02172 Dennis Square, Adamhaven, WY 95398",7976306073,795845633,Unemployed,73219.54,2023-02-28 22:05:49,2020-11-10 14:27:58
668,Frank King,1945-08-20,diane20@oliver-moore.com,437-972-4321x95324,"68861 Robert Hill, Sheamouth, WI 32760",6847196660,948888446,Retired,138311.6,2022-07-30 05:36:49,2024-12-17 08:29:46
669,Lisa Holmes,1955-02-11,anthonymorris@gmail.com,(366)454-9275x5842,"839 Perry Corners, East Josephfort, NY 64410",7367695162,653418472,Self-Employed,166247.97,2021-05-11 12:54:22,2020-12-09 13:00:58
670,Taylor Martin,1952-01-21,ktucker@hotmail.com,+1-882-130-3648x8896,"8706 Andrews Mission Suite 102, Markfurt, VA 77359",1246412189,810839713,Student,125025.12,2024-05-23 06:33:22,2024-02-16 23:32:54
671,Mrs. Raven Gibson,1962-12-09,morrismatthew@ibarra.com,643-774-2427,"4647 Alexandria Stream, Johnsonport, MI 05656",2900534413,953879121,Student,190075.94,2023-12-16 13:59:11,2025-01-16 21:25:02
672,Sheri Wilson DVM,1969-02-28,matthew67@zavala.com,(549)210-8075x059,"2906 Wiggins Plaza, Morashire, MS 37227",179966150,501426777,Unemployed,11892.87,2020-09-06 03:11:39,2024-07-22 16:16:32
673,Rebecca Davis MD,2001-04-08,mooretammy@miller.net,730.376.6701x355,"3845 Michael Flats, Roberttown, OK 41636",4045386871,814027184,Retired,149231.36,2020-10-08 14:26:26,2020-04-13 02:39:25
674,Kathryn Zimmerman,1946-08-15,peterbrock@gmail.com,001-445-940-7098x1774,"7286 Meghan Rapids, East Douglasport, UT 14376",1060907373,323991857,Unemployed,165751.31,2022-09-21 12:47:40,2021-10-16 09:39:28
675,Robert Wilson,1994-07-20,raymondrobinson@yahoo.com,001-079-772-3405x3832,"33759 Martinez Lodge Suite 448, Harrishaven, OH 89283",8352300866,934884773,Employed,102285.04,2022-12-03 15:38:49,2021-08-13 03:12:52
676,Jacob Sanchez,1965-09-19,wpowers@downs.info,625.677.5913x95790,"3623 Scott Lane Suite 026, Lake Eugene, KS 22874",6250487765,416815247,Student,20974.15,2022-09-11 12:56:46,2020-04-30 10:29:16
677,Renee Buck,1938-10-12,judith74@yahoo.com,9448935946,"722 Jasmine Mission, East Kennethport, OH 43739",9394688810,853712812,Unemployed,105049.67,2021-07-16 23:01:37,2023-11-08 22:12:46
678,Lisa Coleman,1995-02-20,kevin00@hotmail.com,+1-614-528-1837,"0313 Garrett Fall, Reedland, WI 20673",5186142445,527669389,Employed,123638.84,2021-08-26 00:29:31,2023-06-18 15:02:12
679,Suzanne Malone,1937-09-04,jameshanson@gmail.com,338-319-3550x698,"PSC 6084, Box 1820, APO AP 34050",9911858101,956767231,Student,14461.49,2021-10-29 12:01:38,2024-11-08 00:26:25
680,Jacqueline Chung,1947-05-23,jonathanjohnson@yahoo.com,111-735-3407,"PSC 1234, Box 3579, APO AP 59560",634531873,416303840,Unemployed,44221.41,2025-01-24 19:37:26,2020-12-01 22:34:50
681,John Hampton,1969-02-12,kennethmcmillan@james.org,001-464-096-6694,"175 Chelsea Camp Suite 549, Williamton, NV 26699",7245696859,774186774,Retired,81144.76,2020-09-17 12:37:44,2021-06-19 17:08:27
682,Amanda Barnes,2000-12-19,mshelton@yahoo.com,412.256.7336x2252,"8908 Ian Common, Port Carla, IN 02338",8851606005,494102901,Retired,95250.74,2023-02-17 11:20:35,2022-11-10 20:06:06
683,Kevin Chang,1936-09-06,kelleyrodney@moore-fletcher.biz,(495)407-0066x11724,"238 Charles Fort Suite 425, West Kathryn, FL 22481",1841317870,527318588,Student,61433.14,2021-07-13 05:35:19,2024-05-15 20:07:02
684,Kurt Fox,1965-07-29,danielleblake@anderson.com,+1-659-954-7312,"32127 Harris Shores Suite 474, Adrienneview, AZ 71201",6836121235,67818518,Student,47562.82,2023-08-02 00:40:15,2021-07-23 08:37:55
685,Carolyn Paul,1990-11-02,diana75@vasquez.com,038-837-5318x253,"25226 Williamson Unions Suite 020, Perezberg, TX 73284",2379845542,401717413,Self-Employed,41275.88,2025-02-06 00:51:55,2024-11-08 02:43:18
686,Mrs. Tiffany Escobar,1949-09-15,marcusmeyer@gmail.com,428.126.3110,"25781 Justin Walks, Smithmouth, AR 06792",7454785594,382427936,Retired,178541.13,2020-10-03 12:14:56,2024-08-26 02:46:55
687,Juan Anderson,1973-12-08,craig32@hotmail.com,8408251354,"4836 James Forges, North Jessica, MI 15976",9008416250,153433635,Unemployed,95209.47,2023-07-12 11:06:16,2024-06-16 15:24:16
688,Sabrina Walker,1974-11-28,olivia25@yahoo.com,001-703-784-9705x3046,"6019 Richard Dam, Danielchester, AK 45724",4450274997,691708246,Retired,54758.09,2023-05-25 03:53:44,2023-10-08 03:21:12
689,Julian Mccoy,1941-09-14,duarteandrea@hotmail.com,965.542.6339x798,"204 Day Stream, Rachelbury, IL 26596",8654691760,899476640,Self-Employed,108298.47,2023-08-28 02:18:22,2024-06-29 17:23:38
690,David Butler,1960-01-01,craig92@richardson.com,725-713-8400,"18335 Dawn Turnpike, North Joshuastad, OR 19855",1360271741,667334789,Unemployed,94798.56,2022-12-19 17:38:04,2021-07-10 23:38:20
691,Cathy Harrison,1968-12-02,dbrown@yahoo.com,1267099444,"3786 Karen Circle, Lake Andrew, VA 40540",6035035215,178468111,Retired,99922.39,2020-08-25 23:37:41,2023-06-10 16:01:59
692,Jonathan Barnes,1963-07-20,stephaniewalker@garner-adkins.info,(228)517-1525x607,"332 Davis Mission Suite 930, Heatherburgh, AK 10871",1997413612,159148569,Self-Employed,68145.92,2023-09-08 16:09:24,2022-08-18 00:33:18
693,Michelle Johnson,1956-08-16,markjackson@lynch.biz,+1-324-004-6720,"4610 Sharon Brook Suite 255, Denisebury, MO 34552",3534814922,731455970,Employed,144716.66,2024-11-06 04:59:52,2024-11-01 17:38:53
694,Edward Beasley,1935-11-07,michaelscott@campbell-bailey.net,6184049882,"6514 Hopkins Course, Branditon, SC 27727",9517597712,283321393,Unemployed,134995.08,2023-02-12 01:23:39,2024-07-29 07:09:44
695,Christopher Kelley,1947-10-12,pacerose@yahoo.com,386.345.2392x23839,"317 Peters Hills Apt. 783, Martinezland, UT 80834",9157097044,616708603,Retired,112895.5,2021-06-07 21:57:56,2022-10-31 10:14:29
696,Dr. Amy Hale DVM,1992-01-12,bjones@yahoo.com,(266)674-1876,"58861 Craig Ridges, Allenland, AK 37127",8888649928,574708231,Self-Employed,133555.05,2022-06-02 10:47:58,2022-04-19 11:27:46
697,Jeremy Robinson,1961-03-17,bishopkathryn@griffin.net,290-752-4738,"73008 Lambert Junctions, Lake Michael, PA 37524",6225278570,634913566,Employed,29218.18,2024-08-21 04:13:27,2021-09-20 22:38:49
698,Ronald Randolph,1946-04-04,qarmstrong@williams.net,001-004-244-3814x528,"1357 Heather Branch Apt. 076, Carrillofurt, NY 78942",485879389,664615006,Employed,128051.28,2023-12-10 08:19:34,2021-03-18 05:42:34
699,Joseph Jones,1936-07-05,jason65@yahoo.com,001-187-006-6448x542,"07125 Vincent Point, Wilsonbury, AL 52796",3542882952,414132277,Student,27695.22,2023-01-21 03:11:44,2020-02-28 11:15:35
700,Jessica Brown,2000-05-26,leahtorres@arnold.com,+1-640-429-5880x845,"808 Bryan Crossroad Apt. 916, West Scottchester, MA 33507",9572136662,314819168,Unemployed,122362.81,2020-04-16 14:10:24,2022-08-23 05:51:26
701,Jennifer Sweeney,1947-01-05,hughesandrew@massey.biz,(785)029-0692x03529,"USNV Mccall, FPO AP 64285",3069509719,640872414,Employed,30528.71,2023-08-02 15:38:11,2020-12-10 22:14:19
702,Daniel Johnson,2004-07-02,gabriella70@may.net,(182)008-2582x42023,"9496 Anita Summit, North Carmen, KS 15178",1758936148,702116650,Self-Employed,41596.63,2023-06-01 18:52:43,2020-08-26 03:20:12
703,Jody Castro,2006-06-08,meghanburke@hotmail.com,(908)645-7113,"42530 Rose Underpass, Matthewton, NJ 93597",3069422578,518564225,Student,60356.58,2023-01-23 05:30:50,2021-01-06 20:38:57
704,Anthony Hamilton,1951-02-25,qgray@blake.net,989.246.1951x13934,"7135 Sally Points, New Elizabethside, LA 88381",6415622055,169347099,Self-Employed,55825.24,2020-06-29 19:47:13,2023-12-10 09:10:20
705,Kimberly Young,1959-01-20,jessicabrown@hunt.org,344-337-6941x700,"580 Cory Knolls, Gibsontown, RI 47779",3455577910,803813866,Student,40318.35,2024-02-19 15:47:22,2021-05-23 11:00:10
706,Charles Hunter,1963-01-24,shawngamble@yahoo.com,(976)771-8791,"478 Gutierrez Ford Suite 103, Port Donna, OK 18442",9594001160,143196562,Self-Employed,182940.64,2020-07-29 16:25:35,2020-03-08 08:23:19
707,Jennifer Green,1939-03-30,taylorshaw@gmail.com,686.741.3554x925,"963 Sosa Village Suite 350, Hunterton, GA 71577",71056514,443579426,Retired,188992.78,2022-04-25 19:49:48,2021-02-27 20:32:20
708,Devon Moore,1957-02-28,ufranco@whitaker-mclaughlin.com,485.357.8576,"45983 Houston Harbor, West Perryport, OK 81728",4497856644,48288697,Retired,140387.11,2025-01-26 23:17:09,2020-12-02 21:18:47
709,Nathaniel Davis,1977-11-13,warren04@yahoo.com,738.454.2542,"679 Jennifer Road, Jennifertown, MO 78516",2596331972,240423026,Unemployed,178932.04,2022-07-03 17:09:03,2021-06-20 02:28:30
710,Tami Spencer,1947-10-03,debbiecoleman@gmail.com,001-960-413-1609x4245,"25501 Christopher Haven, New Yolanda, AZ 40921",759919435,858651556,Employed,143951.43,2024-08-20 07:30:47,2024-05-09 05:11:06
711,Jennifer Hall,1955-04-20,josephwells@hotmail.com,344.935.9586,"Unit 9885 Box 4693, DPO AP 84502",9442281067,551738922,Unemployed,73416.54,2023-12-06 22:04:15,2021-12-31 11:37:24
712,Theresa Stewart,1985-07-27,teresawright@gmail.com,(768)224-3243x6036,"7222 Logan Rest, New Scottberg, MA 08858",4813977911,836287410,Self-Employed,136716.29,2023-06-25 10:55:53,2023-07-15 17:22:03
713,Richard Gonzales,1971-05-24,hollandadrian@patton-brown.com,914.896.7115,"14071 Estes Run, South Amandafort, AK 01845",1389186018,474000527,Employed,131341.3,2020-10-01 19:26:51,2020-12-22 10:22:57
714,Kayla Burton,1977-02-26,mcooke@gmail.com,312-636-5830,"80647 Black Ferry, New Danielport, LA 04886",5819330284,630065614,Retired,69440.93,2024-03-07 12:12:37,2023-07-11 21:23:17
715,Steve Grant,1993-07-27,dsmith@smith.info,001-610-926-7726,"39673 Michael Squares, Jessicastad, VA 70028",6893780368,749163232,Unemployed,50466.61,2024-07-06 03:03:49,2024-06-29 03:22:01
716,Luis Turner,1986-03-17,hannahking@gmail.com,171.924.9775x7409,"1028 Nicolas Mission, Barberton, MD 68886",6647840434,107997753,Student,56121.0,2023-11-13 07:31:29,2024-09-06 14:15:45
717,Sandra Austin,1945-04-09,billdavis@gmail.com,299.019.9568,"9097 Ronald Inlet, Herbertshire, ME 42564",3403847089,56191892,Self-Employed,73236.31,2022-01-17 13:46:04,2020-07-14 16:37:39
718,Shane Reed,1972-11-05,jeremiahsmith@strong.net,(029)335-5648x687,"4524 Molina Stravenue, East Johnnymouth, AK 48501",9407205616,422368506,Unemployed,108518.1,2023-02-17 18:13:43,2021-01-24 23:53:49
719,David Tucker,1958-10-05,paul74@schmidt-parker.org,9559734724,"5693 Jeremy Track Apt. 491, Romanhaven, NE 26120",2138343264,614718320,Retired,155290.27,2020-07-03 23:19:41,2023-05-23 22:18:01
720,Louis Long,1982-01-16,johngutierrez@williams.com,+1-159-800-0418x71372,"028 Angelica Park, South Stephanieberg, CO 66507",1477810137,873899548,Unemployed,133128.92,2020-06-21 10:20:36,2023-02-18 06:46:53
721,Courtney Mercado,1987-04-19,murrayeric@gmail.com,6793717977,"8276 Green Centers Apt. 266, East Tracystad, AZ 10808",7200925549,172835430,Retired,162512.57,2020-02-13 20:31:24,2025-02-09 15:15:49
722,Shelley Curtis,2002-12-17,petersenjames@yahoo.com,+1-351-411-4230x9240,"17083 James Glen Suite 285, North Sharonshire, AZ 85592",2730361014,391818651,Self-Employed,88261.76,2021-09-14 22:16:38,2024-09-16 01:17:32
723,Craig Martinez,1969-01-01,porterchristopher@davis-collins.com,153.207.9922x973,"37904 Bennett Mews Apt. 342, Bassland, MS 10683",2004209549,307921948,Student,97524.05,2024-06-22 21:32:14,2020-02-07 18:03:44
724,Tina West,1983-01-18,sgallagher@gmail.com,863.199.8263,"55689 Pierce Fall Apt. 725, East Shannon, MI 87011",15541682,454774611,Unemployed,185660.49,2024-03-12 00:12:30,2020-01-26 23:12:18
725,Michael Mitchell,2003-10-16,jacksonkelly@cole.org,001-582-885-1702x505,"481 Hamilton Fields Suite 208, Rosariomouth, IL 40738",5580520304,615356748,Unemployed,122915.79,2021-07-11 13:42:00,2023-04-23 05:12:14
726,Linda Tran,1997-07-03,brian86@gmail.com,+1-464-967-8366x9461,"92631 David Forges, Tylermouth, SD 69121",3218067863,469510534,Employed,176095.59,2021-03-26 19:08:33,2023-07-16 19:28:00
727,Jason Bennett,1970-12-30,andersontommy@graham.com,+1-755-698-2009x79248,"34723 Jennifer Mills Suite 882, Denisemouth, AK 74559",1201526402,949285663,Employed,67635.47,2024-03-06 05:46:46,2024-05-26 19:45:05
728,Brittany Ryan,1943-06-09,anthony40@hotmail.com,361-936-1660x647,"PSC 0318, Box 7954, APO AP 05084",8250448783,734247245,Self-Employed,160189.73,2023-01-18 04:56:01,2024-08-02 01:44:27
729,Stephen Carroll,1941-02-17,cathyfischer@yahoo.com,(898)871-9390x7523,"4882 Davis Court, North Katie, MS 10494",4363387361,360314097,Student,45543.73,2021-09-27 12:04:54,2023-12-20 09:53:24
730,Jenny Jordan,1935-07-20,piercejacqueline@rodriguez.info,234.048.7374x6903,"37934 Johnson Cliff, South Josehaven, AL 67162",2121096849,973505992,Employed,69704.1,2023-06-29 18:39:34,2023-01-29 23:46:30
731,Amanda Lamb,1987-12-26,claudia93@taylor-bennett.com,682-136-4903,"992 Hanson Prairie, Williamsmouth, TN 69681",2797251548,505547116,Student,50194.56,2020-02-04 09:16:11,2020-05-06 00:50:20
732,Tiffany Rangel,1948-11-09,jasonkirk@simmons.com,(954)144-5167x53899,"35107 Dylan Cape Apt. 840, Steveview, AZ 77910",6707838327,40474583,Employed,193957.85,2023-01-05 10:33:25,2021-08-03 18:14:54
733,John Jones,1972-12-04,andre70@garcia.com,001-726-921-9311,"752 Crystal Ridges Suite 157, New Henry, WI 68046",8973003817,995577337,Unemployed,198324.2,2024-10-09 15:34:00,2023-12-26 13:04:20
734,Heather Mendez,1984-10-01,kyle42@blankenship.info,044-902-5802x682,"9355 Hutchinson Rue Suite 005, Arnoldton, IL 85545",3701209218,940652303,Student,29601.65,2022-11-24 23:06:33,2024-12-08 18:44:09
735,Destiny Johnson,2003-04-05,benjamin26@edwards.com,+1-334-699-3077x8282,"6148 Michael Stravenue Apt. 836, Michaelland, WI 07491",8959101353,228699940,Unemployed,134745.44,2023-08-16 16:36:37,2020-03-21 17:00:50
736,Sandra Norton,1983-03-14,shawnpreston@hotmail.com,001-603-620-9380x172,"339 David Village, North Anthonytown, NE 36445",8801584905,441911057,Self-Employed,35321.61,2021-03-30 13:43:13,2022-02-28 03:43:11
737,James Lewis,1980-01-19,amandajohnson@larson.com,474-217-8306,"160 Monica Key Suite 621, South Diane, ME 14260",6397966708,489150657,Unemployed,147474.11,2020-11-24 22:20:26,2021-04-11 15:35:34
738,Patricia Gonzalez,1939-04-19,qsmith@yahoo.com,307.788.7596,"8700 Sarah Expressway, Natalieberg, CT 32661",7074752758,244644831,Employed,25331.54,2021-04-05 10:22:43,2020-09-28 04:04:14
739,Bridget Hernandez,1984-07-22,josephallen@francis.com,973-920-7163,"62866 John Track, Fuentesshire, MT 42405",6292086759,332261197,Retired,136088.19,2021-12-19 10:16:25,2024-01-19 04:40:37
740,Alicia Henry,1991-10-10,dgarrett@hotmail.com,+1-677-738-8265x27725,"123 Palmer Creek Suite 771, Andersonside, OR 48019",4263796419,498139259,Unemployed,143372.59,2022-03-20 02:35:21,2021-08-19 15:54:17
741,James Harvey,1951-01-28,youngjoan@yahoo.com,+1-816-299-2118x3656,"590 Breanna Squares Apt. 191, Leeport, VT 62007",8103495072,795864547,Employed,165393.19,2022-06-08 10:32:39,2023-05-14 04:42:17
742,Matthew Thompson,1987-07-04,laura90@gmail.com,484.890.0050x76773,"755 Gibson Island, Port Crystal, MS 63525",2569206267,735405166,Retired,96154.41,2023-04-02 17:37:54,2024-04-20 01:57:42
743,Dennis Bell,1954-01-16,colleen96@gmail.com,001-018-757-4043x177,"3832 Hunter Ridge, South Melinda, OK 69452",7332480499,730539493,Self-Employed,172872.14,2022-10-26 00:57:04,2022-10-06 10:25:34
744,Robert Mullins,1996-05-18,lwade@hotmail.com,541.171.6751,"253 Henry Hollow, East Marvinmouth, MI 16447",427389536,726440758,Student,172840.03,2022-10-31 03:35:29,2024-11-23 23:42:17
745,Michelle Williams,1996-09-25,elliswilliam@palmer-hall.com,(024)145-0222,"3472 Tina Union, Kimtown, MT 67250",5251423164,519573336,Retired,58186.36,2023-12-26 01:02:40,2024-11-06 14:29:26
746,Hayley Griffin,1953-08-20,johnny35@murphy-rodriguez.com,205.596.5994x451,"085 Davis Prairie, Port Michaelbury, SD 73000",7804484625,800069342,Unemployed,21359.43,2020-04-05 09:20:30,2023-10-04 11:52:53
747,Bryce White,1996-12-26,creid@hotmail.com,+1-251-623-0220x386,"810 Carol Island, Deborahhaven, MO 58917",7850797060,814162922,Student,165375.23,2023-09-21 11:23:17,2022-08-21 13:00:50
748,Jennifer Green,1971-09-23,atkinsondawn@yahoo.com,(079)590-1501,"87890 Brandon Ports, Ryanton, VT 76498",5114912079,937523017,Retired,192627.55,2022-10-19 22:20:55,2023-11-23 06:22:45
749,Joshua Warner,1992-02-17,brandon78@hotmail.com,8425584045,"0306 Marsh Manor, Lake Timothyview, WY 37438",4681260821,279698008,Employed,91284.91,2024-03-02 09:20:48,2020-04-19 09:57:45
750,Anna Sharp,1995-10-31,suzannetaylor@gmail.com,(022)796-9372,"86895 Landry Fields, Dawnmouth, NM 31289",7633070519,390920923,Student,126072.0,2025-01-06 00:02:19,2020-03-21 08:00:09
751,Courtney Stafford,1992-08-05,christopher68@yahoo.com,628-044-6452x44148,"25821 Diana Well Apt. 667, Navarrostad, NY 67398",7025237806,212833661,Student,70462.14,2020-08-08 17:15:46,2024-10-12 19:59:41
752,Gary Jones,1993-03-01,rachelbishop@martin.com,(056)198-8484x7243,"1588 Edward Lake, Robertsville, NC 27810",8714902744,313597721,Unemployed,104242.6,2023-06-11 05:46:38,2024-09-30 04:14:33
753,Donald Medina,1995-04-09,spencerchristine@patterson-roberts.biz,933-347-1676x5162,"36741 Jared Fort Suite 159, East Kyleland, DC 84587",1963182996,543978600,Retired,57721.49,2024-02-01 23:12:41,2022-07-20 14:41:07
754,Peter Williams,1943-09-19,youngkayla@hotmail.com,751.186.8293,"2130 Sabrina Station, Nathanberg, NV 50409",2881067048,919630636,Unemployed,45499.06,2020-04-29 15:00:20,2020-04-16 14:54:44
755,Kara Reed,1984-04-08,juliacooper@gmail.com,121-620-9684x4212,"571 Carol Valley, North Keith, DE 53965",1286113862,686239773,Student,63351.8,2023-10-22 01:07:08,2023-09-22 03:07:55
756,Erin Johnson,1951-04-05,ubaker@hotmail.com,159.740.7580x89365,"27986 April Square Suite 997, Danielborough, TN 08984",1144562690,53188791,Unemployed,173928.44,2023-09-21 22:26:53,2024-12-31 07:46:51
757,William Allen,1985-09-01,thernandez@yahoo.com,001-363-742-1528x19430,"390 Lee Lodge Suite 372, Patrickland, IN 72100",3282394368,636665477,Retired,89346.81,2023-06-12 19:21:27,2024-06-28 02:12:24
758,Amy Carpenter,1995-10-29,mvillarreal@richards-stewart.com,660-453-7682,"4261 Montoya Junction Apt. 326, Ashleyhaven, VA 93483",7398454138,867932122,Employed,74741.6,2023-10-03 09:01:16,2020-02-10 23:39:29
759,Denise Banks,1979-03-07,samantha55@gmail.com,647.840.3815,"PSC 4608, Box 0349, APO AA 99712",1980998782,531692082,Self-Employed,82297.3,2020-11-10 10:04:15,2021-02-21 00:32:11
760,Megan King,1996-03-02,davidromero@strong-gillespie.com,+1-619-362-5940x55107,"53404 Brown Unions, Port Carolinemouth, PA 35963",3324855356,262761671,Student,58804.95,2024-04-23 12:45:05,2024-01-11 16:00:53
761,Krystal Malone,1985-06-08,fjordan@yahoo.com,001-665-326-6957,"0854 Samantha Ridge, South Brianmouth, OR 86158",7024015869,194016239,Retired,28260.08,2021-01-27 05:53:56,2021-10-01 20:30:59
762,Alicia Jackson,1951-05-24,valeriehernandez@jones.com,544.666.8430,"USCGC George, FPO AP 72344",7724448187,660665519,Student,147538.72,2024-04-10 11:11:03,2023-10-24 00:53:48
763,Edward Mcdonald,2001-08-01,rebeccabeard@yahoo.com,+1-605-366-0673x8073,"854 Jones Neck, Joseton, NE 15063",9202616046,551515614,Retired,181017.64,2022-06-18 11:02:51,2021-07-18 12:12:33
764,Ricky Tucker,1948-03-26,manuel70@osborne-huang.com,001-855-245-4246x89792,"08543 Huff Fields Suite 354, Michaelmouth, ND 45917",4755836278,542567990,Student,186685.48,2023-10-27 20:13:52,2022-08-21 20:33:33
765,Melissa Holloway,1993-06-02,daniel40@marshall-gonzalez.org,(013)787-6250x29081,"141 Johnson Drive, Fitzgeraldbury, RI 52766",8165170817,788911246,Employed,82798.02,2023-11-16 21:28:50,2024-06-21 07:44:48
766,Laurie Hernandez,1942-06-02,beltrancatherine@hotmail.com,001-530-932-4161x84611,"81747 Vaughn Bridge Suite 578, Nguyenmouth, DE 59104",5084990618,280199428,Employed,95969.09,2021-12-16 09:21:39,2022-04-19 05:02:16
767,Maria Greene,1938-02-08,nicolethomas@gmail.com,+1-241-906-4540x934,"USNV Acosta, FPO AA 75701",4679566098,857769813,Employed,171186.68,2021-05-03 06:08:54,2023-08-01 20:13:39
768,Danielle Powell,2006-03-03,tonymcpherson@gmail.com,046-863-1855x0456,"54446 James Fords, Dawnville, UT 92963",504430791,6641223,Self-Employed,103476.25,2020-07-04 13:14:02,2024-11-14 17:54:30
769,Melissa Watson,2005-12-12,jose39@frye.net,744-807-3748x3351,"964 Cynthia Flats, Bartlettfort, OK 84640",913723375,137777124,Unemployed,80706.77,2021-01-03 10:45:13,2021-05-09 22:32:46
770,Eric Lam,1970-08-20,wkrueger@gmail.com,024-931-2014x986,"14276 Spears Springs Apt. 064, Clayton, FL 76135",1162206146,777993096,Retired,65386.39,2021-08-25 04:47:34,2021-03-25 08:59:07
771,Brandi Miller,1963-12-31,schmidtjacob@hotmail.com,200-124-8196x560,"773 Crawford Square Apt. 789, New Katherine, WY 99821",4102609705,3291201,Student,97721.78,2023-02-08 18:02:12,2020-06-10 01:26:01
772,Erik Douglas,1983-03-03,vincent58@hotmail.com,(683)925-7793x33500,"92592 Smith Tunnel Suite 972, West Jodyborough, AK 84955",1429835712,123095676,Self-Employed,115305.05,2020-05-29 14:19:30,2020-10-24 02:28:20
773,Gregory Ferguson,1953-09-17,robertjones@yahoo.com,001-218-418-5322x5202,"14654 Adams Lock, South Davidport, VA 23053",9116003979,143971735,Unemployed,138301.94,2023-03-30 04:21:15,2022-02-02 03:59:47
774,Debbie Little,1947-05-07,tylerdickerson@kim.org,(126)602-5452,"75616 Beth Parkways, West Marcus, KY 76557",9003907756,280759736,Employed,141240.84,2024-03-21 05:41:10,2022-09-12 15:30:09
775,Cynthia Acosta,1986-10-01,stephenhenry@yahoo.com,3689395759,"4719 Boyle Junctions Apt. 081, West Rebeccachester, WV 67638",1225626110,87166929,Retired,112202.7,2020-09-23 01:48:06,2021-10-01 08:22:11
776,Kathy Roach,1987-09-09,barbaramyers@butler-church.com,835-038-4725x86765,"40446 Thompson Alley, East Robertport, DC 49699",9065521735,764109973,Student,110504.31,2022-10-23 03:20:02,2024-09-15 12:14:06
777,Joe Fox,1934-12-16,karen11@harris-cooper.com,926.506.1767x399,"79665 Amber Rapids, West Christinaborough, SD 47490",2552090646,703292470,Retired,84360.51,2025-02-09 17:01:36,2021-04-22 19:40:21
778,Mr. Kyle Davis Jr.,1937-08-19,ryan92@duke.biz,1004408867,"5014 Brittney Club Suite 978, Gonzalezfort, FL 09834",9124301988,581828046,Student,56491.33,2023-11-26 04:29:38,2021-07-11 19:27:03
779,Rebecca Jordan,1970-01-12,samuelcooper@weber.com,(931)881-1425,"Unit 1952 Box 1355, DPO AP 37628",3644087290,847447026,Self-Employed,80664.59,2023-05-04 21:05:12,2024-04-05 04:13:01
780,Karen Porter,2006-05-29,omorris@lynch-skinner.com,001-905-440-7094x905,"40279 John Fort Apt. 821, Gregoryton, VA 65855",3004936356,170030160,Employed,85468.28,2021-05-03 19:59:36,2021-10-24 07:02:20
781,Ashley Frye,1991-09-25,jacobsruth@hotmail.com,(704)774-6023x0308,"380 Vance Via, Deborahside, NY 60107",5631603383,535167615,Self-Employed,81575.52,2020-07-14 15:55:42,2024-03-16 09:38:43
782,Jenna Williams,1970-12-09,robertgomez@martinez-gutierrez.net,(261)761-9911x8774,"74003 Cynthia Pike Suite 197, West Michael, LA 63814",9317398373,580251402,Employed,139632.9,2023-05-07 23:27:18,2022-02-08 17:38:38
783,Brooke Jones,1992-10-09,william57@yahoo.com,001-115-501-4339x69613,"9392 Williams Divide, Port Jenniferside, VA 51854",1397874872,939399386,Employed,10611.8,2023-01-02 18:03:51,2025-01-05 08:54:37
784,Stacey Hardy,1936-05-28,vbrown@hotmail.com,001-570-935-5386x4304,"56926 Gary Grove Suite 073, Williamsport, HI 71823",2365119084,354762389,Self-Employed,197515.92,2024-11-11 04:05:08,2024-08-16 19:24:20
785,Tricia Rosales,2006-05-19,uhart@gmail.com,238.883.0896,"90868 Baker Gardens Apt. 515, Andrewmouth, MD 79613",5019495008,700734866,Student,55074.69,2024-12-21 16:41:05,2024-03-07 01:39:17
786,Taylor Moore,1969-12-21,meyerjeffrey@nguyen.com,744.964.3938x2136,"8335 Perez Meadow Apt. 896, Torresport, NH 83925",2752337368,278019882,Self-Employed,67519.47,2021-08-31 10:33:38,2023-11-28 11:06:17
787,Andrew Christian,1989-01-15,matthewkelley@yahoo.com,214.412.4263x57472,"5787 Edward Rapid, Lake Todd, NV 02900",1524948817,239679596,Retired,167471.28,2024-07-29 13:45:12,2023-01-05 08:01:30
788,Joseph Stewart,1958-02-11,rodgersmark@nguyen.com,098.646.9275,"024 Ronald Groves Suite 686, Stephenmouth, IA 95062",4058813593,450098211,Self-Employed,72646.0,2023-01-22 21:10:57,2022-02-06 13:44:01
789,Diana Jordan,1973-07-26,christopherrodriguez@wong.org,+1-583-118-7354,"7740 Eric Trace, Wendyville, WV 23799",5302328434,887044944,Self-Employed,49548.87,2022-07-16 01:45:25,2021-11-10 14:33:35
790,Deborah Manning,2002-12-02,megan07@acosta-gordon.com,917.009.3445x883,"8394 Michael Mall Suite 881, Saraport, AL 15409",7830191632,159419678,Retired,125997.87,2024-11-11 01:28:15,2023-02-11 06:40:09
791,Wayne Brown,1979-03-12,samanthahill@hotmail.com,642-995-5592x594,"109 Sharon Road, East Samanthaborough, AL 07836",4589338874,569815608,Employed,73934.4,2020-05-19 14:12:52,2024-08-27 10:14:27
792,Stephanie Fitzgerald,1953-10-10,baileyjason@murphy-franco.com,(004)212-8184,"467 Weaver Skyway, South Jennifer, GA 16170",5521988445,298539105,Student,83273.19,2022-01-18 00:14:37,2021-04-20 17:16:14
793,Rachael Kennedy,1994-10-03,nicolerodriguez@gmail.com,5366956022,"63065 Haynes Corners Suite 746, North Regina, MI 32069",4593275693,226812275,Retired,102093.65,2024-07-01 04:09:14,2022-03-21 13:09:45
794,Cynthia Robertson,1969-07-20,nataliemartin@gmail.com,923-700-7557,"59970 Davila Station Suite 235, South Amanda, WI 05371",8035695766,254358277,Employed,186662.72,2020-11-11 01:47:55,2024-07-13 14:48:05
795,Christopher Long,1994-04-24,nathanieljackson@hart.com,(851)884-7449,"Unit 3670 Box 1927, DPO AP 82097",2696011879,903775030,Student,33187.64,2021-12-24 05:43:08,2024-10-27 15:49:39
796,Colton Ochoa,1971-08-16,julia58@anderson-stephenson.net,(749)845-5759,"86797 Stacey Harbors Suite 859, Boltonberg, TX 92323",6148467669,15783336,Employed,23384.44,2021-11-02 12:04:57,2020-06-27 10:47:21
797,Karen Pierce,1999-01-16,raymondhenry@yahoo.com,(087)379-6457x461,"338 John Club Suite 354, West Kathy, FL 98858",8155621943,568077634,Self-Employed,38362.55,2025-02-02 02:32:06,2022-06-01 05:28:54
798,Kathryn Mckee,1995-03-10,dbutler@short-morales.com,6826322867,"852 Pineda Greens, North Kimberly, VA 20368",685003666,464671475,Student,121570.16,2020-11-28 22:22:22,2022-12-09 08:58:11
799,Mary Garrett,1991-10-11,brandon33@meyers-warren.org,243-102-0882x67637,"44204 Evans Locks Suite 928, East Brett, LA 41967",194684786,644546889,Self-Employed,94895.32,2025-01-12 19:43:14,2022-01-07 13:47:00
800,Edward Holmes,1998-08-31,ashleycarrie@miller-kane.org,(978)566-1789,"7600 Baker Groves, Lake Ericaville, MS 14965",8170722633,944142159,Employed,109896.17,2024-11-14 06:53:09,2021-03-01 18:48:04
801,Tonya Thomas,1961-02-07,chelseawalker@hotmail.com,581.114.0922x48316,"72348 Ramirez Plain, Lisamouth, WA 50338",1915502632,835136758,Self-Employed,134282.91,2022-07-06 13:42:51,2021-03-11 13:50:58
802,David Kennedy,1987-04-09,tina28@mata.com,133-597-6796x4524,"293 Bryant Valley Apt. 160, Jenniferfurt, MN 85397",2184920637,635557984,Self-Employed,82590.45,2021-01-20 01:54:22,2020-01-27 17:57:02
803,Robert Duffy,1957-08-10,gutierrezana@sanchez.biz,743-451-0634x2548,"599 Matthew Point Suite 201, Lake Kristinside, SD 57273",34135911,150663973,Retired,193594.6,2021-05-17 05:02:12,2021-10-16 07:10:19
804,Shawn Rush,2003-12-20,jeremy73@yahoo.com,001-289-930-2797,"5768 Lori Shores, Sarahstad, ID 52984",6858611959,358049473,Unemployed,154283.11,2024-04-12 10:51:41,2022-08-28 08:23:54
805,Nathan Romero,1973-01-25,hailey05@hotmail.com,298.590.5735x275,"4051 David Circles Suite 580, Wilcoxville, PA 73062",1849502492,642500817,Self-Employed,111164.75,2022-09-09 17:30:37,2022-08-31 23:35:48
806,Madison Vega,1948-08-08,utapia@gmail.com,001-085-885-2770x71305,"572 William Ports, New Michelefort, HI 76153",497550729,360827970,Retired,69305.52,2023-10-07 17:18:19,2023-03-24 03:02:31
807,Andrew Williams,1993-12-22,brettmurphy@hotmail.com,(645)890-9100,"9318 Sanchez Squares Apt. 130, Mallorymouth, FL 23100",5904795669,417545460,Employed,141407.63,2024-12-18 00:12:29,2020-01-06 15:50:04
808,Steven Small,1997-01-22,breannamiller@yahoo.com,001-370-929-4343x558,"611 Sherman Street, East Corey, OK 02691",1463056393,834504475,Employed,140382.33,2022-11-01 21:02:08,2024-01-15 02:23:41
809,Angela West,2001-09-22,khubbard@thompson-harding.org,087.085.2211,"7077 David Village, Christensenport, WA 28166",2393242383,151952552,Unemployed,133633.11,2020-08-13 10:32:30,2022-04-30 09:16:11
810,Danielle Edwards,1975-10-18,seanwest@yahoo.com,+1-643-463-9278,"USNV Stewart, FPO AE 05163",5827927625,768322800,Self-Employed,141925.6,2024-06-10 23:17:28,2021-03-21 13:00:49
811,Danielle Hall,1958-05-30,monica07@yahoo.com,214.549.7513x14363,"9284 Maxwell Creek Apt. 220, New Jennifermouth, DE 70394",7653261881,340649445,Retired,16510.27,2023-03-03 01:00:27,2024-03-14 17:50:49
812,Christy Hale,1942-05-11,kimberly17@hotmail.com,392-560-7312,"5334 David Cliffs, North Christopherstad, CA 46093",4104015724,670744144,Unemployed,161131.34,2020-12-31 01:27:46,2024-03-20 17:25:17
813,Denise Thomas,1997-09-06,timothy95@gmail.com,+1-393-937-7829x056,"USCGC Schwartz, FPO AE 67180",7036774602,135298872,Employed,74996.86,2023-01-06 21:14:40,2024-02-12 00:03:28
814,Claire Jackson,1956-05-20,fmorton@gmail.com,538.898.0722x2589,"7194 Murray Row, Mendozastad, AZ 04704",167783594,247711109,Unemployed,94818.38,2023-03-25 14:07:48,2021-04-11 08:09:36
815,Michelle Clay,1951-09-20,plopez@park.com,001-252-845-4375x57578,"944 Megan Fork Suite 189, Kristineville, VA 09389",6534319893,315458814,Self-Employed,136443.59,2020-06-20 02:18:21,2023-03-27 18:33:56
816,Christopher Vasquez,1956-05-08,stantonpatricia@yahoo.com,443-187-8316,"9824 Mary Dam Suite 813, Mcguireside, AZ 69232",131406436,845790013,Student,31151.23,2021-02-03 13:07:14,2020-01-11 13:19:40
817,Kim Grant,1989-12-29,jason10@mathews.net,+1-235-690-9124x1196,"598 Aguirre Course Apt. 979, Clarkfurt, UT 57964",2448159960,810161595,Self-Employed,140080.46,2022-08-18 23:09:15,2022-04-19 02:43:02
818,Valerie Torres,1948-02-04,ogomez@gmail.com,001-788-181-0335x75231,"02156 Rowland Roads Suite 192, Stephenbury, MN 97844",247293058,753790944,Unemployed,168116.36,2020-07-11 00:30:26,2024-05-20 16:49:36
819,Sarah Collins,1936-09-05,brownanthony@curtis-edwards.com,+1-711-431-8354x009,"12095 Jonathan Tunnel Suite 581, Lisaside, ID 65281",1727752725,700797613,Employed,107156.49,2022-06-15 20:55:30,2024-08-28 04:07:06
820,James Harris,1944-08-04,garrettjustin@ross.com,388-678-5954,"248 Jessica Hills Apt. 777, Hornland, AK 19563",5516327023,78932649,Employed,174445.92,2022-12-15 08:17:15,2024-06-16 01:18:08
821,Amanda Montes,1988-12-16,paula63@gmail.com,391-656-8096x4798,"988 Morris Ramp, West Dana, MS 85259",7079044086,622190584,Self-Employed,116576.85,2023-02-25 03:08:31,2022-07-27 01:49:45
822,Jeffrey Patel,1973-11-11,william36@mendoza.info,001-990-919-7489x10587,"USNV Jackson, FPO AE 23554",9444932618,787286304,Self-Employed,42283.32,2024-12-11 07:07:04,2021-09-22 19:50:52
823,Justin Curtis,2004-05-22,jsanders@gmail.com,666-655-9787x87862,"04680 Jon Land, Williamview, NC 69917",835117540,671287610,Unemployed,187136.92,2024-11-23 07:30:51,2022-01-12 00:28:24
824,Lauren Mcconnell,1952-10-07,hughesdaniel@hoover.com,425-269-9115x782,"9275 Johnson Stravenue, Lake Lisa, WV 48874",2702059892,630650619,Self-Employed,37336.95,2024-06-11 17:52:31,2020-03-29 11:25:27
825,Timothy Huynh,1985-04-27,charles21@gonzalez.info,+1-395-351-4448x73649,"7642 Raymond Trail Suite 498, South Christopher, RI 60067",6235332231,957162974,Employed,17788.07,2021-12-16 12:10:28,2020-05-01 18:38:29
826,Jennifer Griffith,1984-02-03,jesse16@adams-hartman.info,257-246-8298,"0030 Roberson Branch, Port Bonnietown, AR 74075",9022677447,921815521,Employed,186368.7,2023-04-12 20:19:48,2021-06-11 17:05:13
827,Audrey Wood,1953-11-06,dominique36@yahoo.com,001-613-741-3713x6477,"5358 Evans Wall Suite 110, Marystad, CT 83725",8288116408,990444015,Student,148603.91,2024-03-16 08:43:54,2020-08-19 01:10:47
828,Kevin Carter,1974-11-27,rodriguezshelby@garcia-benton.net,001-943-685-9549,"67756 Davis Fords, Gonzalesland, PA 69786",7680680642,763291341,Student,157895.74,2021-02-06 02:50:35,2021-08-30 20:08:15
829,Cassandra Leblanc,1948-10-10,dcolon@rodriguez.net,001-019-216-6283x125,"7648 Berry Highway Suite 991, East Alexandra, NE 74425",916243979,624508277,Unemployed,121451.88,2022-03-12 07:18:31,2022-06-26 00:23:17
830,Elizabeth Hendricks,2003-04-08,edwardkelley@yahoo.com,001-169-720-4174x80282,"796 Henderson Center Suite 479, East Carlosmouth, OK 97987",489025905,706961830,Unemployed,49568.29,2020-05-12 17:24:11,2021-02-06 18:28:07
831,Melissa Walters,1958-07-06,tiffany81@yahoo.com,133.675.8981,"08495 Marcia Mountain, Willisburgh, SD 60120",4557689174,968289256,Retired,17787.73,2020-11-06 13:52:01,2022-10-14 11:04:00
832,Misty Howard,1983-10-03,sandersariel@jackson.com,+1-829-269-2319x12416,"287 Marquez Rapids, West Derek, VA 51445",7909095511,45724169,Retired,104647.89,2024-03-27 10:18:23,2024-11-21 17:45:10
833,Cynthia Casey,1978-01-25,deboraharmstrong@powers.com,+1-252-227-2500x6802,"36373 Richardson Plain Suite 856, Maldonadofort, ND 60842",93063896,327022473,Student,135335.97,2022-10-29 02:50:51,2022-11-10 07:09:07
834,Jason Calderon,1978-05-02,denisecraig@gmail.com,843.009.9786x440,"70765 Tamara Ways, Johnland, ND 94205",9441347881,221893013,Employed,152632.66,2021-12-24 03:48:47,2024-01-03 10:45:41
835,Nicole White,1967-03-23,nicholas90@barnes.org,001-635-781-4731x08000,"6770 Hansen Plaza Apt. 951, East Anne, MD 00728",956168199,491530672,Retired,161410.56,2020-02-22 01:50:38,2021-05-13 17:36:54
836,Antonio Rose,1944-10-09,vkrause@yahoo.com,(593)100-8586,"367 Moore Shore, Lake Carla, PA 99423",5539531663,493209124,Employed,190674.02,2021-02-24 18:17:28,2020-08-06 06:51:14
837,Sarah Banks,1970-07-07,brettwilson@lane.biz,161.758.9103x047,"1209 Strong Rest Apt. 664, New Barryland, CA 69686",9244720296,676947163,Self-Employed,64862.89,2020-02-23 23:54:33,2024-10-04 07:47:26
838,Barbara Greene,1964-11-05,timothy13@yahoo.com,001-596-918-6646,"55125 Peters Mountains, Port Carlos, UT 32572",7785857666,940602521,Student,175182.89,2021-07-07 17:25:35,2022-11-29 09:44:58
839,Dylan Combs,1935-07-16,urodriguez@hotmail.com,+1-966-301-9204x70458,"Unit 5224 Box 6614, DPO AP 25422",5491782072,495219569,Self-Employed,114771.66,2020-12-07 09:53:52,2023-10-24 02:40:03
840,Lisa Wallace,1989-12-20,sarah49@bennett.com,(865)636-3011x66814,"77185 Thomas Mission Apt. 900, Smithfurt, NM 59550",5449733529,34624891,Retired,175162.28,2020-12-27 09:53:36,2023-08-19 10:41:15
841,William Caldwell,1939-12-03,thomasthomas@morris.com,001-782-749-4772x0807,"38575 Candace Isle, Marieview, SD 20080",7799373909,537483893,Self-Employed,74192.63,2023-05-28 22:32:46,2024-03-23 06:28:42
842,Ashley Whitney,1996-12-02,towens@peterson-cortez.com,1356311150,"99631 Dillon Mission, Hollyport, TN 51561",2272477966,654796838,Retired,193767.96,2024-07-03 06:24:40,2024-12-26 12:48:44
843,Robert Bowen,1983-06-12,johnsonshelley@gmail.com,(636)897-2951x1353,"9846 Miller Cliff, Mariaborough, IA 12053",3330005425,886831426,Retired,167396.54,2021-06-11 13:22:16,2023-06-20 22:04:06
844,Mr. Jack Lopez,1972-06-01,josephlozano@chen-mcmillan.com,+1-467-823-6316x42583,"89416 Douglas Junctions Apt. 132, Danielport, MI 80119",1514153626,201204069,Employed,62075.21,2023-06-16 13:19:04,2023-08-08 17:07:21
845,Teresa Peters,1948-02-14,zacharyjones@yahoo.com,001-856-890-9175x28435,"555 Whitehead Corners Suite 574, Port Jeremiahport, SC 71244",3433569409,951562826,Employed,39522.88,2020-11-05 04:30:08,2023-02-07 20:08:45
846,Elizabeth Jackson,1959-10-22,jessicaross@yahoo.com,001-133-977-6707x13585,"Unit 8094 Box 3383, DPO AA 12757",1195046600,200990998,Self-Employed,20362.13,2024-06-11 19:17:10,2020-05-07 05:42:56
847,Michele Willis,1995-04-07,amyharding@yahoo.com,778.888.1011x858,"01253 Danny Highway, Lake Timothy, VA 92568",1679724558,576453466,Self-Employed,20483.57,2020-07-03 10:36:02,2021-04-06 19:12:22
848,Mrs. Jessica Harris,2000-07-09,eelliott@stewart-ruiz.com,+1-850-762-5043,"5130 Kelly Grove Suite 710, Port Lori, WV 17593",1500665188,608789642,Retired,36848.42,2022-02-12 06:37:07,2022-08-22 17:44:21
849,Jennifer Lawson PhD,1948-09-09,berrykimberly@hotmail.com,550-278-3955,"921 Tyler Walks Apt. 660, Lake Tiffanytown, FL 03762",6154043500,41476930,Self-Employed,170202.27,2022-12-12 08:51:03,2020-09-08 16:38:14
850,Carl Coleman,1937-11-18,david31@king.com,984.715.7871,"66054 Morgan Island Apt. 913, East Jonathan, DC 85519",2010974163,2497881,Unemployed,77608.43,2023-12-27 15:16:14,2022-08-31 08:07:45
851,Jacqueline Wilson,1975-01-13,perezgeorge@yahoo.com,418.206.7319x60768,"378 Williams Overpass, Thompsonchester, ME 52269",1707395685,684248108,Employed,22038.11,2024-01-06 09:09:54,2024-06-06 19:41:21
852,Nicole Daniels,1953-08-31,qday@love.com,5295134139,"12331 Garrison Estates, Lucasfort, AL 77768",6121714968,522047550,Unemployed,153460.75,2022-11-28 12:39:39,2023-04-02 09:11:01
853,Justin Sloan,1940-05-05,murraykyle@gmail.com,491.499.7224x0775,"7200 Walters Shoal Apt. 976, Wesleymouth, CA 38702",9637226812,875539912,Self-Employed,20539.29,2022-07-30 18:19:19,2025-01-02 17:41:30
854,Douglas Gordon,1974-05-06,plowe@moore.com,254-663-6610x71750,"66749 Williams Landing, North Danielberg, MI 94093",1457872133,734656290,Retired,32790.05,2022-03-16 10:45:20,2020-02-15 18:02:46
855,Timothy Wilson,1962-07-12,erica64@mitchell-cain.com,(095)211-8838,"37173 Vincent Dam, Owensfurt, NV 22793",2526434874,79874275,Unemployed,154178.18,2024-04-25 02:29:41,2023-11-09 06:09:14
856,Krista Elliott,2003-07-29,michaelcobb@gmail.com,787.216.3387,"PSC 8967, Box 5346, APO AA 85709",5279994511,559155613,Retired,189647.87,2022-08-17 23:16:53,2023-04-18 17:52:14
857,Denise Clarke,2000-12-30,jasonmorgan@hotmail.com,001-616-609-6257x788,"973 Justin Ford Apt. 326, South Alejandro, FL 80302",1538046989,493231347,Student,12459.02,2024-02-01 09:04:47,2024-04-27 14:14:32
858,Ian Watts,1955-05-16,john76@gmail.com,457.677.6935x508,"1791 Owens Knolls Apt. 396, West Jennifermouth, IN 87167",5952295274,215957878,Unemployed,69463.79,2020-12-25 06:45:08,2021-06-06 15:56:30
859,Corey Reed,1946-04-15,ashleycarey@morales.com,254-756-8577,"209 Daniel Lodge Suite 908, Alexandrashire, MD 27218",8324370307,936174365,Unemployed,188499.59,2024-09-09 07:35:15,2022-08-30 22:25:10
860,Ann Baldwin,1988-06-28,evanewing@davis.com,761.128.2209x64761,"236 Pena Islands, Robbinshaven, ND 39113",7539352714,377305320,Self-Employed,24366.12,2021-01-15 03:46:06,2024-04-05 02:09:33
861,Manuel Joyce,1973-12-03,sreid@joseph.com,001-830-046-8969x725,"5381 Joe Villages, East Deniseburgh, KY 96712",2225781157,380504311,Self-Employed,87039.11,2020-09-26 04:56:41,2024-06-12 17:35:17
862,Sean Graham,1960-11-02,jclark@brown.biz,+1-247-412-1031x62491,"USCGC Wright, FPO AA 62706",4106701687,718909118,Employed,173555.41,2024-05-26 13:01:55,2021-08-28 13:31:08
863,Elizabeth Morgan,1991-05-20,kpaul@garcia.com,1651175275,"4439 Brandon Curve, Janetfort, MO 97096",8326563206,376653216,Retired,132308.28,2021-11-08 01:28:22,2021-10-14 22:18:56
864,Douglas James,1936-12-06,chavezrachel@hotmail.com,149-110-0829x7539,"8877 David Cliff, East Miguelmouth, WY 87013",7502907951,107021448,Student,23852.28,2024-09-02 19:00:26,2020-05-17 19:35:05
865,Jason Barber,1951-10-11,swilliams@roberts-arias.com,(885)997-1362x142,"738 Jose Springs Suite 978, North Erica, NM 54798",2194022060,338147401,Student,48073.26,2022-08-07 20:45:06,2021-04-16 02:16:07
866,Angela Colon,1995-02-10,jamesramirez@yahoo.com,001-724-464-0895x87073,"086 Ortiz Trace, Burnettchester, NJ 28483",3554569131,496256955,Unemployed,115289.35,2024-10-15 07:47:46,2021-04-22 16:17:57
867,David Flowers,1986-07-10,tbates@gmail.com,781-023-7520x63089,"254 Thompson Plains Apt. 818, Cannonburgh, MT 83133",7069015544,457265041,Retired,71392.49,2020-06-10 06:09:23,2024-04-22 07:40:10
868,Caitlin Beard,1940-10-31,simslaura@hotmail.com,(542)759-4337x4302,"2979 Taylor Plaza Suite 274, Port Theodoreburgh, AL 44762",4771508204,492041515,Retired,154802.69,2021-02-17 22:52:57,2021-01-03 04:32:58
869,Margaret Williams,1934-08-15,along@hotmail.com,+1-197-437-7972x92624,"03903 Cynthia Canyon, Davidview, MO 53687",9367576457,375290486,Employed,72789.49,2021-07-05 07:19:18,2023-02-05 06:01:12
870,William Bailey,1949-07-30,anthonymiller@yahoo.com,001-398-133-0684,"9967 Karen Loop, West Richardville, NH 25555",8383827082,26375232,Employed,97715.22,2024-12-08 12:49:54,2024-09-09 14:13:37
871,Ashley Miles,1960-02-28,mmartin@gmail.com,(523)858-4163x2824,"519 Bush Pike, Carmenbury, VT 67892",4380573534,319251007,Unemployed,72356.37,2022-11-23 03:16:35,2020-12-31 14:47:46
872,John Le,1993-03-03,elizabeth89@johnson.org,(127)334-2821x6590,"8330 Brett Spur Suite 705, New Ashleyfurt, NC 48055",708990160,723782265,Student,20895.41,2024-11-14 02:42:31,2023-12-29 00:58:23
873,Jesse Webb,1940-08-08,fschroeder@hotmail.com,514.751.8659x56267,"56349 Jeffrey Shoal Apt. 932, West Michael, KS 73148",1462580360,753239512,Unemployed,154492.81,2021-07-09 20:51:27,2021-02-15 00:27:56
874,Richard Garcia,1966-03-21,steven61@hotmail.com,0403171556,"3680 David Groves, Wilsonfort, MI 34244",4758309144,637394358,Unemployed,154839.15,2020-09-13 15:48:31,2022-01-13 22:40:33
875,Regina Shelton,1954-08-24,kristenmorgan@gmail.com,544.159.8762,"965 Ross Keys Apt. 422, West Jessebury, DC 60443",3038604022,460014771,Employed,35331.59,2022-07-22 16:19:38,2020-01-04 16:49:14
876,Megan Hill,1951-08-13,tracy16@hotmail.com,(965)229-6681,"6083 Garcia Trail Suite 461, Riversland, DC 84396",7560103019,486378974,Unemployed,24878.85,2020-05-06 14:04:23,2021-03-25 00:12:07
877,James Martin,1989-06-30,michaelparker@nelson.com,+1-551-149-7934x171,"556 Johnson Hills Apt. 390, Karenfurt, MD 08018",6668313950,47962668,Unemployed,144020.25,2021-07-27 14:23:08,2020-03-14 22:42:25
878,David Hall,1995-09-12,zboyer@hill-richards.com,(955)131-2219x406,"PSC 9679, Box 9537, APO AE 44501",5270542452,525023245,Retired,109051.5,2025-01-12 17:58:12,2023-05-14 11:53:10
879,Mallory Goodman,1963-09-01,carolevans@yahoo.com,+1-496-068-5886x0271,"7023 Hill Vista Suite 451, Lake David, SD 41043",8425839628,174230320,Unemployed,129794.49,2021-10-06 03:06:27,2022-03-09 12:03:52
880,Lindsay Yang,1969-07-23,lauren79@rodriguez.com,018.405.7183x46182,"910 Smith Vista Suite 818, West Amyville, FL 17784",3589845699,435996110,Student,154721.22,2025-02-07 14:46:02,2022-03-01 12:13:35
881,Anne Potts,1981-11-04,williamsanthony@hotmail.com,028.735.3570,"006 Steven Drive Apt. 689, New Nicholaschester, CO 42416",5586777962,633588253,Self-Employed,179631.53,2024-07-30 16:16:15,2023-05-31 20:57:45
882,Michael Garcia,1960-06-12,kennethowen@estes-thomas.com,044-465-7746x1647,"618 Ward Point Suite 817, Brittanyshire, DC 98426",9630036693,443275338,Self-Employed,167656.36,2022-12-02 17:23:07,2021-01-17 08:41:35
883,Lisa Charles,2001-08-27,yvettewarner@hotmail.com,816-959-8378x77420,"5079 Brian Cape Apt. 388, Hernandezmouth, CO 80668",7571089434,339586956,Employed,193683.71,2022-07-16 16:15:38,2023-03-07 13:59:40
884,Matthew Gomez,1940-11-18,dillonmadison@yahoo.com,(444)535-0367x8178,"080 Parker Hills, Donaldborough, NE 31512",2454488217,258547035,Unemployed,85228.55,2020-06-02 08:57:48,2022-03-12 08:21:59
885,Elizabeth Murillo,1969-05-27,donnaroberson@hotmail.com,001-096-039-8339x0785,"95886 John Mountains, Kylieport, SD 89194",8516116077,213835907,Unemployed,154914.83,2021-12-21 01:56:52,2023-03-20 10:23:46
886,Cynthia Hicks,1993-07-09,mary13@brady.info,+1-644-361-8672,"2694 Erika Stream Suite 116, Jameston, LA 20544",6033544967,621941347,Employed,142208.75,2024-02-21 19:47:53,2023-04-13 16:08:43
887,Jocelyn Schmidt,1951-06-24,kristymendoza@gmail.com,5070735744,"165 Mcdaniel Centers Apt. 248, Rachelburgh, OH 84541",7554251201,653974717,Self-Employed,183915.95,2020-12-02 04:59:19,2023-02-24 05:37:31
888,Debbie Long,1943-02-09,fletcherkristina@gmail.com,+1-185-965-2346x333,"0706 Nelson Skyway, Bradleyburgh, IN 96404",9372881542,943898560,Self-Employed,22023.61,2021-05-26 16:16:59,2023-02-20 12:43:47
889,Billy Brooks,1996-08-27,jasminemercado@price-morris.com,(904)223-7166x6440,"6567 Karen Hollow Apt. 516, Masonshire, NM 51388",4873182152,84897811,Student,186360.08,2023-03-08 16:16:28,2021-06-25 16:53:19
890,Joshua Lyons,1972-08-03,wlong@hotmail.com,709.236.5332,"4623 Phillips Mission, Gonzalezmouth, OH 84214",2063613921,989112203,Retired,142450.35,2020-02-24 07:14:50,2023-12-31 02:50:01
891,Caitlyn Rodriguez,1997-07-25,jpalmer@hotmail.com,+1-563-638-0038x78005,"8376 Paul Fort, South Brandonfurt, AK 08064",2057221484,34789855,Employed,163847.96,2020-08-31 14:33:06,2021-11-26 03:48:34
892,Michael Franklin MD,1966-02-22,jbuchanan@barrett.net,+1-260-880-4050,"482 Young Road, Zacharyburgh, TN 85105",114168323,270010895,Unemployed,183671.09,2022-03-28 05:28:49,2024-08-01 14:13:01
893,Gabriel Dennis,1960-08-28,brandoncraig@hotmail.com,001-001-175-4380x017,"588 Combs Ports Apt. 605, Port Joel, RI 49636",4623838721,348712933,Employed,145056.93,2021-02-21 13:36:38,2020-12-07 07:15:40
894,Mrs. Sheri Townsend,1961-10-09,mtaylor@sexton.com,(395)701-0579x51440,"6367 Anne Ferry Apt. 479, Taylorton, NE 19436",434446191,430126050,Employed,116231.86,2024-12-04 22:18:01,2025-01-29 12:39:20
895,Marc Powell,1992-10-14,wespinoza@mendez.com,474.978.4416x8025,"PSC 2432, Box 9906, APO AE 64434",6049198090,991760107,Student,79936.52,2023-11-07 13:47:14,2023-07-12 00:26:49
896,Wesley Sanders,1973-04-04,anne68@campbell.info,(421)877-5613x404,"83012 Garrett Well Apt. 621, Robertburgh, MT 82739",7231832422,496670547,Self-Employed,155762.13,2022-06-23 02:25:29,2023-10-26 18:44:08
897,Daniel Pineda,1983-10-18,lindsaycrawford@gmail.com,9053107284,"3213 Valdez Way, West Nicholas, VT 56776",784779851,727789287,Unemployed,13685.06,2023-10-04 17:30:49,2020-07-28 12:34:34
898,Whitney Lee,1938-02-04,rossspencer@hotmail.com,(115)114-8794,"0219 Paul Coves Suite 225, Nancyborough, WA 07184",1504098876,604870027,Self-Employed,143647.78,2023-08-15 04:34:26,2021-04-09 04:49:13
899,Kenneth Cooper,1952-10-21,catherine07@byrd.com,195.270.6260x2837,"266 Scott Glen, Yoderview, SD 58665",6674965038,340705099,Self-Employed,71997.16,2022-05-07 08:53:06,2021-07-09 02:30:21
900,Angela Jackson,1979-08-28,jodicochran@hanson.com,+1-183-444-9435x529,"400 Johnson Shores Apt. 884, North Laura, DE 79452",1149005020,813279924,Unemployed,138778.04,2024-07-17 23:38:00,2022-05-24 01:41:57
901,Lawrence Carpenter,1999-10-17,tyler95@peters.com,(749)318-3423x3656,"33898 Aaron Groves Suite 422, New Elizabeth, MN 40648",3392873473,82981203,Retired,107439.82,2020-02-22 15:03:14,2022-07-16 11:23:12
902,Stephanie Figueroa,1985-12-23,robertmedina@yahoo.com,550-548-1662,"773 Daniel Creek Suite 446, Brewerhaven, WA 75200",4254106262,612648887,Employed,142111.98,2022-02-11 17:30:16,2020-01-03 02:27:51
903,Patrick Martinez,1987-08-26,aluna@yahoo.com,994.797.4003x978,"3506 Brown Stream Suite 119, Emilyton, CO 06710",3058889337,181740202,Retired,59747.91,2024-02-03 20:24:42,2022-06-06 10:53:13
904,Rebecca Cochran,1989-02-24,jameshenson@briggs.info,210-958-1746x173,"07926 Rodriguez Mills Suite 188, Michaelland, WV 29338",5836280167,523666225,Self-Employed,75091.54,2022-06-15 13:48:06,2022-09-14 10:46:41
905,Justin Santiago,1940-04-26,fkramer@hotmail.com,715.453.9122,"22992 Palmer Ports, Perrystad, KS 98303",5906821766,980745270,Employed,66145.87,2021-08-26 18:46:35,2022-06-20 02:33:29
906,Gregory Simmons,1978-10-29,kaylawilson@barajas-lopez.org,721.946.3785x86021,"049 Hill Islands Apt. 046, North Chelsea, MT 66312",1314596626,432596955,Unemployed,46813.2,2024-11-10 08:50:32,2023-09-22 03:18:52
907,Henry Jones,1998-12-28,vmoore@diaz-mcgrath.org,001-658-877-3773x9114,"198 Gregory Shoal Suite 935, Dylanville, MN 90556",4286910088,153496624,Student,22169.04,2023-08-31 04:36:51,2022-09-16 05:33:02
908,John Howell,1966-12-09,carol27@kirby-davis.net,001-595-836-9057x1391,"89239 Pratt Roads Suite 280, East Michael, ME 26132",1274113844,210584503,Self-Employed,87358.5,2022-03-12 10:44:40,2024-08-25 10:39:57
909,Rachel Townsend,1975-07-11,hnichols@robinson.info,378-093-7723,"59755 Ronald Unions Apt. 902, Charleston, OR 42164",5280514345,829570476,Retired,103245.08,2022-10-02 22:00:59,2022-12-31 04:03:54
910,Alicia Jacobs,1971-01-04,pward@davis.com,(701)634-7446x7859,"20779 Wolfe Club Suite 762, West Mary, MI 68770",3764808593,373966930,Unemployed,147987.8,2020-10-17 04:19:53,2020-02-03 09:00:30
911,Mario Lindsey,1993-09-23,paulmark@barber-reeves.com,(386)054-7309x456,"5082 Stout Radial, New Brian, CT 59990",8011532852,514590046,Unemployed,167620.86,2022-04-23 02:16:54,2020-01-06 11:45:31
912,Jonathan Arias,1988-10-22,amandawillis@cunningham.com,(884)784-1743,"111 Anthony Courts, Michaelchester, KS 58990",9483094431,165736204,Employed,55131.35,2022-01-14 07:07:48,2023-01-04 08:59:29
913,April Miller,1977-10-14,melvin83@johnson.info,(406)450-9283x24514,"836 Robert Courts Suite 618, East Melissaburgh, WI 05392",1127270130,625564623,Self-Employed,68977.82,2023-05-30 07:05:10,2020-08-22 01:55:07
914,Latasha Zamora,1989-02-02,christopher60@mason-wilson.com,637.859.7629x12813,"8744 Scott Squares Apt. 200, East Michael, MN 66496",3552484453,806871315,Unemployed,81085.35,2020-11-07 22:11:30,2020-02-26 04:17:34
915,Michael Adams,1980-08-26,gpatterson@hotmail.com,+1-438-197-5827x7300,"7425 Henry Corners, Bellhaven, NM 74341",8489326325,475904349,Employed,53683.86,2023-07-09 03:06:03,2021-06-25 12:06:01
916,Gregory Marsh,1974-08-09,gilbert23@gmail.com,001-738-481-6143,"39785 Danny Courts, Knightton, MI 90029",9022075429,317111208,Self-Employed,89228.06,2024-03-30 21:10:30,2021-07-30 23:30:58
917,Daniel Woods,1953-11-09,fergusoncrystal@yahoo.com,5511425117,"73016 Aaron Neck, Port Davidtown, SD 77283",7657989241,402226701,Employed,142274.75,2023-07-06 04:47:03,2022-05-14 06:14:35
918,Sean Bennett,1967-04-17,cindybridges@douglas.com,(502)697-6764x51248,"17053 Thomas Roads, Elizabethburgh, CT 54045",8006087298,840919296,Student,182130.81,2024-07-24 01:32:38,2020-03-18 19:10:57
919,Russell Gonzalez,1984-09-11,jeremy45@marshall.info,5040773685,"5080 Berry Overpass Suite 904, Michaelland, RI 72640",9498799978,447162757,Retired,181251.29,2022-04-20 16:57:38,2021-08-13 01:04:28
920,Lindsay Kim,1937-09-25,snydersara@gmail.com,697.811.5143,"0680 Williams Hollow Apt. 943, Gallowayhaven, KY 14664",7322368671,816403057,Self-Employed,156717.08,2020-09-16 04:00:22,2023-08-05 10:29:45
921,Emily Whitehead,1945-10-31,yaguilar@yahoo.com,+1-881-676-0290x595,"PSC 2370, Box 6719, APO AA 57511",5920915485,946956272,Employed,30276.6,2021-09-09 03:46:50,2022-09-21 22:34:13
922,Joseph Snyder,1950-05-14,fjenkins@hotmail.com,689-773-5195x53921,"Unit 5002 Box 5515, DPO AE 33883",6600919384,56500148,Self-Employed,181290.31,2020-07-30 13:17:23,2024-01-10 10:52:36
923,Margaret Moore,1979-09-14,bhaas@newman-williams.info,(335)454-7027,"USS Washington, FPO AA 76746",6411217084,321759380,Retired,149052.54,2022-02-05 05:29:46,2024-05-22 21:24:49
924,Robert Jones,1942-03-12,anne18@yahoo.com,001-615-558-6192,"44715 Saunders Plain Apt. 014, North Gabriela, NE 10073",3100692864,928398972,Self-Employed,172074.3,2020-03-21 15:09:39,2021-11-24 22:00:43
925,Miss Carolyn Padilla,1993-10-31,csmith@sawyer-welch.org,389.848.8309x0399,"83672 Davis Springs Apt. 764, Brooksland, MD 67344",2489045307,716624312,Student,130489.49,2024-12-28 03:19:53,2020-10-11 01:43:37
926,Zachary White,1956-03-06,dianasolis@salazar-romero.com,001-289-514-3347,"040 Davidson Trail Suite 959, New Jordanton, AL 60413",7692587994,9155329,Self-Employed,19037.01,2022-11-26 00:09:01,2022-06-15 22:23:45
927,Mary Johnson,1948-03-19,wilsonheidi@yahoo.com,306.102.0423,"3255 Cole Radial Suite 278, Lake Pamelaburgh, IN 89754",1720562995,262135768,Unemployed,131682.84,2024-06-08 04:33:07,2020-05-23 06:22:55
928,April Anderson,1971-05-17,christopherpatterson@yahoo.com,+1-532-485-0022x995,"6661 Timothy Turnpike, East James, TN 38049",62715305,30913701,Unemployed,161993.56,2021-02-27 06:41:52,2020-07-11 03:05:39
929,Melinda Miller,1941-09-15,simpsonwilliam@yahoo.com,151.427.6840x055,"8986 Clark Causeway Apt. 615, East Linda, NV 08754",9068930484,286558607,Self-Employed,74663.69,2021-09-23 05:27:21,2020-10-02 23:01:30
930,Lucas Perez,1973-04-28,lindsayriley@cook-ford.com,930-782-3011x73909,"164 Brown Valleys Suite 477, Port Roberttown, WI 65393",6381317537,849742785,Retired,185680.55,2021-06-03 06:26:57,2022-08-01 22:27:32
931,Patricia Oconnor,1964-07-03,kellytaylor@gmail.com,146-623-8809x077,"91031 Amanda Mountains Apt. 881, Lake Crystalside, CA 50827",8302623329,899562687,Employed,114553.32,2020-10-01 10:49:52,2024-06-03 12:55:42
932,Charles Macdonald,1969-01-21,isabelhoward@horn.com,001-805-180-6792,"605 Hernandez Valleys, Kempmouth, WA 80343",4701478682,726278510,Retired,16755.46,2021-11-29 13:55:21,2021-01-09 00:21:58
933,James Martinez,1934-06-12,stevenmckay@hinton.net,460-478-7700,"661 Dana Bridge Apt. 603, North Haroldfort, RI 67306",8277201657,672390542,Retired,162640.53,2023-09-27 16:06:55,2024-01-19 00:42:39
934,Steven Higgins,2000-03-22,peter10@yahoo.com,200-140-0393,"35292 Lisa Fields Apt. 245, East Davidburgh, MI 48803",1225995726,462842849,Self-Employed,44565.05,2023-06-15 03:47:18,2024-06-10 11:37:51
935,Charles Cox,1976-01-15,vmartin@patterson.com,6901909942,"343 Pacheco Valley Apt. 677, Christopherburgh, MS 72116",7741585621,912359143,Student,19994.69,2021-06-29 21:31:28,2023-07-02 23:28:51
936,Hannah Jones,1952-07-05,kathryn55@hotmail.com,(224)982-4549,"Unit 1851 Box 7532, DPO AP 12469",2330041975,723465451,Employed,22162.81,2021-06-22 07:48:51,2024-11-30 07:08:51
937,Pamela Robinson,1974-11-25,valdezallen@hotmail.com,728-074-3928,"8200 Miller Expressway, New Dianaview, MS 32116",155766027,220896167,Unemployed,52397.53,2020-03-15 17:54:19,2022-06-12 08:32:40
938,Craig Pacheco,1980-05-02,lorichristensen@gmail.com,+1-739-842-5351x74162,"USNV Kelly, FPO AA 24581",2196171326,968722390,Self-Employed,171987.66,2020-10-22 03:28:59,2020-06-23 20:38:43
939,Taylor Dickson,1971-09-03,christianstanley@turner.com,627-008-0328,"406 William Key Suite 335, West Ronaldland, NY 27671",9008794573,482762476,Student,132531.38,2023-05-07 10:28:58,2024-10-21 20:20:19
940,Kim Newman MD,1986-04-08,urodriguez@king.com,791-420-2639x996,"31754 Jessica Ridges Suite 630, Lake Barryborough, RI 03020",53244709,736295029,Unemployed,197273.83,2020-05-21 23:42:31,2021-10-09 05:10:54
941,Ana Huber,1953-09-26,juan15@davis.com,263.852.0691x699,"53491 Henry Lights Suite 846, Nelsonmouth, IA 94734",9133927967,816201626,Student,164787.65,2024-06-13 10:42:16,2023-05-07 05:42:08
942,Martha Pearson,1974-09-03,carrabigail@collins.info,001-225-415-5987,"52861 Wiley Terrace, Gabrielmouth, CO 74343",6625754681,767795763,Student,124719.61,2022-07-24 23:27:51,2020-03-16 15:04:05
943,Abigail Moore,1986-11-08,brandy71@gomez.com,7512681282,"345 Benjamin Circle Suite 270, West Rebeccachester, IL 85215",4486530362,876740137,Employed,154905.04,2020-08-28 06:12:36,2023-12-20 18:49:49
944,Albert Bradford,1973-01-02,keith94@gmail.com,614.102.2938x21586,"20526 Ramirez Vista Apt. 731, Garrettchester, NV 48853",6144285299,107548217,Employed,93782.66,2020-07-26 03:11:37,2023-02-20 22:44:37
945,Steven Brady,1957-12-15,woodardfrancisco@swanson.com,(051)861-2642,"36818 Matthew Drives, North Christopherberg, MN 90725",9909921480,499576956,Unemployed,42593.09,2022-04-14 13:51:39,2021-07-11 16:56:56
946,Eric Burke,1966-09-15,roykathy@garcia-thomas.info,146.979.8981x9198,"81868 Martinez Mews Suite 884, Port Alexandra, MO 54869",2155209077,239775754,Student,182602.23,2020-01-12 20:58:59,2024-11-09 07:32:44
947,Michelle Ayala,1978-12-18,beckydennis@wallace.com,+1-590-540-6897,"USS Murray, FPO AP 84273",7808058650,151133065,Employed,104179.8,2022-01-08 17:57:57,2024-06-24 05:46:25
948,James Martinez,1978-09-15,cmiranda@sanders.com,471.948.0045x693,"8838 Scott Union Apt. 523, New William, WA 84382",1164954897,964122086,Student,171197.99,2022-01-08 05:02:01,2024-10-03 13:28:09
949,Sandy Johnson,1992-02-15,castillojohnny@yahoo.com,+1-024-737-5624x3489,"7647 Roberts Flat Apt. 237, Seanton, MA 59465",8704960636,488262462,Student,198795.17,2020-08-19 03:53:48,2023-07-06 19:59:46
950,Michael Graham,2001-12-16,bridget48@diaz-mcbride.com,764-506-9686,"975 Chen Brook, Lake Robert, OR 94287",9241964337,566969931,Student,161444.26,2023-11-20 08:45:09,2021-06-22 13:10:25
951,Amanda Farmer,1991-07-08,kathrynchavez@patterson.com,001-668-437-3378x719,"777 Smith Wall, Lake Evan, WY 36847",2854263480,345688420,Employed,157501.19,2023-06-04 11:20:19,2021-01-26 17:10:15
952,Jasmine Flynn,1958-10-06,pscott@yahoo.com,001-741-120-2225,"747 Victoria Terrace Apt. 809, Karihaven, KS 38216",4951708414,309630424,Self-Employed,111105.33,2020-04-04 02:59:37,2024-05-03 04:48:37
953,Brittany Williams,1991-06-07,warderic@gmail.com,8850217973,"4225 Fisher Mews, Danielleport, IL 10887",7930949153,210886540,Student,159199.37,2021-11-30 07:01:33,2024-07-16 10:24:18
954,Jacqueline Flynn,1978-08-29,wwood@gmail.com,(526)475-7170x6793,"71553 Torres Squares, Myersstad, WY 89558",2136709123,98043035,Retired,182303.94,2021-05-23 12:32:33,2024-06-21 00:00:14
955,David Morse,1976-11-14,reidbrian@mitchell.com,284.508.5272x1323,"7995 Berry Turnpike, Stephenfort, NV 52686",5731495906,865039047,Employed,175858.26,2021-04-14 22:24:56,2022-01-09 17:58:35
956,Mary Stevens,1951-05-21,jennifer67@gmail.com,088-071-3922x4401,"2253 Hart Spurs, Silvatown, NY 32736",6789775989,276835383,Employed,193415.09,2021-02-14 16:30:52,2024-12-18 00:18:32
957,Michael Price,1989-06-08,vflores@marquez.com,+1-984-405-5546,"947 John Mall, Kevinport, SD 19646",2526223085,369870048,Employed,86860.28,2025-01-08 12:46:03,2020-05-11 18:02:18
958,Jose Wolf,1937-05-13,orogers@williams.org,499-879-0748x730,"7155 Phillip Passage Suite 922, Deckermouth, ND 59487",1258626183,849338499,Retired,87535.76,2023-11-26 13:37:46,2020-04-04 07:05:03
959,Shawn Martinez,1948-10-29,sarah54@yahoo.com,206.776.2126,"5586 Ashley Mission, New Shannon, TN 73218",3937771219,436489746,Employed,130812.37,2024-03-25 23:38:32,2020-12-06 13:02:42
960,Joshua Boyd,1979-08-08,schmidtjennifer@hotmail.com,+1-470-963-8857x62957,"8184 Michael Ridge Apt. 772, South Rebeccaburgh, UT 28306",3437480147,544977000,Retired,109878.05,2023-04-05 19:33:26,2020-04-25 10:23:07
961,Jordan Sexton,1934-11-09,bakerjimmy@gmail.com,929-989-1981,"833 Shane Heights Suite 603, Susanton, DC 89047",4490270214,832614087,Retired,173809.54,2022-07-26 05:56:44,2025-02-18 06:17:45
962,Carlos Watkins,1965-09-02,goodwinjohn@hotmail.com,205.757.6912x967,"62348 Willie Crossroad Apt. 435, Johnsonville, MT 79351",35680735,241402765,Self-Employed,105415.53,2024-05-08 18:07:36,2024-10-22 18:15:31
963,Patricia Thomas,1936-05-11,aaron52@yahoo.com,866.003.9217x733,"8998 Jones Flats, North Julieside, KY 22257",1583399354,174863406,Student,17031.41,2023-10-24 05:13:24,2021-02-06 22:22:09
964,Brian Garcia,1993-11-01,james36@wong.net,+1-657-905-5475x525,"6086 Jason Shoal, Port Shannonburgh, CO 30449",6825019921,300871757,Self-Employed,113666.2,2023-10-12 18:55:06,2020-12-17 21:07:47
965,Pamela Aguilar,1972-10-30,ashleyhardin@hotmail.com,001-312-476-0743x67140,"43586 Murphy Estate, Gardnerborough, WV 47891",1473217145,228027493,Employed,135856.97,2021-12-06 23:03:46,2023-05-13 12:31:59
966,Rachel Arnold,1940-05-09,thomas05@ward-ibarra.net,9873017399,"29166 Mark Island, New Theresa, ID 05698",7525947162,476693554,Employed,55325.96,2024-11-22 23:29:41,2024-12-16 14:48:08
967,Suzanne Bartlett,1992-07-18,timothy40@yahoo.com,947-449-9010,"77747 Tammy Isle, Jeanburgh, MO 91901",7916388962,590285681,Employed,171338.78,2021-03-31 22:48:54,2022-06-09 09:24:19
968,Mrs. Wendy Foster,1948-07-30,gayers@hotmail.com,+1-185-945-0168x58515,"65676 Michele Drive Apt. 774, East Michael, CO 22384",9105795582,612191733,Student,100706.49,2025-01-23 16:20:40,2023-05-05 11:13:14
969,Janet Mcguire,1997-08-10,thomasyolanda@yahoo.com,+1-527-061-1245,"3774 Marquez Field Apt. 487, West Monica, AR 30932",3280560780,666709093,Unemployed,73796.49,2020-12-31 18:01:06,2020-04-17 21:39:52
970,Whitney Griffin,1944-08-30,joshuaharris@williamson.net,385-780-9269x7065,"34996 Julia Via, Patrickburgh, OR 33228",3650899563,1618113,Unemployed,186897.98,2024-10-06 06:55:59,2024-09-26 13:07:47
971,Jason Brewer,1978-02-15,davidrose@jackson.com,627.741.3968x36508,"Unit 7134 Box 3837, DPO AA 31874",7232541078,904655558,Self-Employed,124278.28,2020-12-28 01:20:51,2021-05-30 06:57:01
972,Sophia Barker,1953-04-22,xerickson@gmail.com,502-262-1901x408,"678 Lewis Coves, Port Erikstad, PA 83811",544674774,931580771,Student,37711.49,2022-06-26 12:06:27,2020-11-28 22:05:18
973,Richard Santos,1967-07-13,waltersmith@gardner-jefferson.com,386.801.6671x4265,"7076 Hunt Path Apt. 754, Langberg, TN 41288",5714670391,109595375,Self-Employed,61321.06,2020-04-05 12:36:01,2021-08-09 00:01:20
974,Andrew Lynn,1983-03-02,joannekeller@hotmail.com,446.903.1477,"311 Hayes Ranch Apt. 314, West Christian, CO 80466",8712749516,580793631,Unemployed,105514.43,2023-06-30 01:53:56,2023-07-20 17:25:15
975,Jordan Lawrence,1973-04-17,kristinaberger@smith-johnson.com,+1-192-794-9313x28147,"USNS Smith, FPO AP 23721",3251949702,412995971,Self-Employed,155792.43,2020-08-05 19:53:49,2021-06-11 14:01:04
976,Cindy King,1976-08-04,josephmason@mcpherson-lopez.com,+1-388-969-0956x7360,"66146 Lisa Trail, West John, WI 17652",7591463228,529560902,Retired,196417.7,2020-07-20 12:40:11,2022-06-11 08:55:11
977,Maria Herrera,1937-08-07,robinsondaniel@weaver.com,221.549.1544x984,"06319 Schwartz Locks, Pricemouth, NV 55319",1095698410,748454571,Retired,23167.64,2020-07-29 02:38:52,2023-07-23 12:36:05
978,Cynthia Arias,1959-07-06,myersallison@gmail.com,631.371.7398,"001 Smith Freeway, South Christopherport, SD 79444",7080690710,16871535,Self-Employed,74089.95,2022-08-16 23:19:57,2024-10-11 12:48:23
979,Lori Sheppard,1945-01-11,kathleenjacobs@smith.com,5257657206,"274 Renee Mall Suite 120, Mistyville, FL 85798",7530320604,76043357,Retired,196691.91,2024-08-16 08:03:50,2022-11-04 04:19:48
980,Isabel Drake,1937-12-10,qdelgado@hayes-lopez.com,+1-385-143-8272,"480 Reynolds Street Apt. 221, New Tonya, UT 62356",273105853,340484250,Employed,24534.02,2021-08-04 07:06:39,2022-09-13 18:55:17
981,Meghan Livingston,1943-12-23,schwartzcarolyn@gutierrez-rodriguez.com,(825)993-0999,"733 Dustin Ville Suite 016, Hubbardchester, OH 53584",7444430639,701286544,Employed,36464.64,2024-04-20 12:19:38,2024-07-14 01:37:02
982,Christina Palmer,1978-12-27,martinmeredith@hamilton.com,445.312.2186,"75379 Roy Spring, East Andrew, CA 89161",3317368540,363910239,Unemployed,107741.81,2021-05-04 14:10:29,2022-10-28 16:13:05
983,Rhonda Perez,1959-04-12,fernandezstephanie@gmail.com,+1-816-020-3944x11925,"3098 Gallegos Oval, West Lisa, TN 81917",3555327682,592841499,Student,110621.6,2024-03-30 01:58:39,2020-06-23 18:35:23
984,Tracy Galloway,1997-10-06,sharonmarshall@hotmail.com,942.178.4424x7236,"009 Timothy Lights, East Kelsey, TN 71447",9426477603,113057130,Student,26363.19,2023-07-07 17:35:41,2021-07-04 11:28:19
985,Norma Johnson,1958-12-30,eduardobush@stevenson-adams.com,+1-692-724-3626x32258,"5249 Larson Lakes Apt. 541, Port Jessicafort, WA 04200",6109968356,514437670,Student,34965.5,2021-04-26 23:13:55,2023-07-29 01:32:52
986,Kathy Navarro,1957-09-18,brownkaitlin@herman.com,1576374772,"21749 Erickson Flats Apt. 740, Lake Scottmouth, NV 45493",3815966807,935017856,Unemployed,108202.46,2023-10-03 02:54:35,2022-07-05 23:48:29
987,Carmen Jones,1993-12-04,christopherpayne@gmail.com,+1-024-933-2377x168,"PSC 2127, Box 8831, APO AE 68787",7353535680,507271781,Retired,99942.07,2024-04-16 21:11:31,2020-11-18 20:17:06
988,Tammy Lewis,1994-02-12,vedwards@miller-cooper.org,106.342.2911,"70593 Melissa Keys Suite 833, North Janetland, CA 24700",9804735894,118576176,Self-Employed,175518.73,2021-06-05 22:18:50,2020-06-23 15:53:35
989,Duane Gross,1993-09-12,coxtodd@ramirez.biz,(637)386-4007x18621,"3618 Lynch Neck Suite 690, Douglasville, UT 89482",7077545766,493144603,Unemployed,99072.07,2020-06-08 21:59:39,2020-11-05 21:46:43
990,Cristina Hawkins,1987-05-07,yramirez@gmail.com,+1-634-076-0956,"6760 Hernandez Point Suite 725, West Joshua, TN 23572",6361090342,172342093,Retired,84589.88,2020-06-26 11:30:09,2023-10-28 23:01:37
991,Jeremy Stewart,1998-01-25,ramirezsteven@gmail.com,622-225-4397x426,"5033 Murray Divide Suite 838, Catherineport, CT 83847",4187546409,793717796,Unemployed,198528.22,2020-12-13 18:32:17,2023-12-28 05:50:33
992,Cindy Ware,1995-02-20,ashley35@gmail.com,6631796624,"1571 Johnny Row Apt. 877, East Karen, MS 82149",4542386180,971183917,Unemployed,180359.86,2021-09-19 08:38:12,2020-09-25 15:22:55
993,John Hensley,1964-05-01,vjordan@hotmail.com,001-170-629-9599x93383,"5193 Phillip Circles, North Christopherchester, MD 51029",1496062171,782240390,Student,137971.47,2020-05-31 13:56:27,2024-02-07 11:47:07
994,Anthony Gordon,1993-02-01,stephaniemcmahon@gmail.com,832-424-1095,"0005 Anderson Spurs Apt. 746, Cowantown, IA 47456",3127770512,726212790,Student,167717.0,2024-05-20 23:04:00,2021-01-31 05:29:30
995,Austin Campbell,1948-12-26,shelia73@yahoo.com,909-258-9627,"Unit 0839 Box 5446, DPO AE 61798",708146281,647511940,Student,36629.13,2023-11-16 17:15:36,2023-03-01 10:46:56
996,Richard Shaw,1966-02-05,prattomar@anderson.com,+1-333-510-7683x526,"03377 Martin Glens Suite 026, Bennettborough, KS 34006",8718817447,217161322,Employed,119412.42,2022-09-11 05:13:25,2021-04-30 12:29:07
997,Michael Rogers,1991-10-15,ruthlewis@yahoo.com,297-088-9572x29042,"365 Rios Ridges Suite 020, Port John, MO 16983",83658999,81476091,Self-Employed,20483.53,2020-09-08 13:13:32,2025-02-16 08:52:01
998,Charles Gray,2001-04-16,danielcrawford@gmail.com,879.785.6273,"8710 Michelle Rapid Suite 024, Stewartfurt, SD 23015",7389769877,708612255,Unemployed,189601.09,2021-09-12 23:36:19,2022-12-07 22:44:52
999,Melissa Spencer,1942-11-21,scottdavis@gmail.com,075.886.6245x752,"3164 Katelyn Knoll Apt. 380, Mahoneyview, AR 68103",9597480496,260977307,Employed,40040.73,2021-09-09 14:41:18,2024-09-17 07:36:19
1000,Allison Baker,1969-04-09,nicholas25@hotmail.com,(504)320-4412x4843,"646 Gilmore Pines Apt. 652, South William, NV 55788",2101313909,599159778,Retired,116755.21,2023-12-10 16:32:21,2023-05-18 16:55:58
